id,type,name,price,currency,url,color,width,depth,height,styles,roomTypes,shop,image
bed-001,bed,Cadru pat ABILDRO 90x200 negru,2350,MDL,https://jysk.md/ro/product/cadru-pat-abildro-90x200-negru-65369,#2A2A2A,0.9,2,0.5,"minimalist,scandinavian",bedroom,jysk,https://jysk.md/frontend/web/uploads/product/УТ00117313/117623.jpg
bed-002,bed,Cadru pat OLSKER 90x200 alb,2750,MDL,https://jysk.md/ro/product/cadru-pat-olsker-90x200-alb-471420,#F5F0E8,0.9,2,0.5,"minimalist,scandinavian",bedroom,jysk,https://jysk.md/frontend/web/uploads/product/УТ00389115/262846.jpg
bed-003,bed,Cadru pat LIMFJORDEN 90x200 2 sertare stejar,3500,MDL,https://jysk.md/ro/product/cadru-pat-limfjorden-90x200-2-sertare-stejar-381836,#8B6914,0.9,2,0.5,"minimalist,scandinavian",bedroom,jysk,https://jysk.md/frontend/web/uploads/product/УТ00308963/236115.jpg
bed-004,bed,Cadru pat LIMFJORDEN 90x200 2 seratre alb,3500,MDL,https://jysk.md/ro/product/cadru-pat-limfjorden-90x200-2-seratre-alb-381837,#F5F0E8,0.9,2,0.5,"minimalist,scandinavian",bedroom,jysk,https://jysk.md/frontend/web/uploads/product/УТ00308964/236127.jpg
bed-005,bed,Cadru pat VEDDE 90x200 stejar sălbatic,3999,MDL,https://jysk.md/ro/product/cadru-pat-vedde-90x200-stejar-s-lbatic-172543,#8B6914,0.9,2,0.5,"minimalist,scandinavian",bedroom,jysk,https://jysk.md/frontend/web/uploads/product/УТ00195322/97044.jpg
bed-006,bed,Cadru pat KONGSBERG 90x200 bej,4999,MDL,https://jysk.md/ro/product/cadru-pat-kongsberg-90x200-bej-264429,#D4B896,0.9,2,0.5,"minimalist,scandinavian",bedroom,jysk,https://jysk.md/frontend/web/uploads/product/УТ00218200/214392.jpg
bed-007,bed,Cadru pat VEMMELEV 90x200 bej,5000,MDL,https://jysk.md/ro/product/cadru-pat-vemmelev-90x200-bej-471298,#D4B896,0.9,2,0.5,"minimalist,scandinavian",bedroom,jysk,https://jysk.md/frontend/web/uploads/product/УТ00388989/262861.jpg
bed-008,bed,Cadru pat HASLEV 90x200 gri închis,5500,MDL,https://jysk.md/ro/product/cadru-pat-haslev-90x200-gri-nchis-327934,#888888,0.9,2,0.5,"minimalist,scandinavian",bedroom,jysk,https://jysk.md/frontend/web/uploads/product/УТ00257949/222862.jpg
bed-009,bed,VEDDE Cadru pat 140x200+2 Noptiere,5000,MDL,https://jysk.md/ro/product/vedde-cadru-pat-140x200-2-noptiere-465695,#A0917A,1.4,2,0.5,"minimalist,scandinavian",bedroom,jysk,https://jysk.md/frontend/web/uploads/product/УТ00383579/258107.jpg
bed-010,bed,Tăblie pat GREJS 90x48 bej,950,MDL,https://jysk.md/ro/product/t-blie-pat-grejs-90x48-bej-479608,#D4B896,0.9,0.48,0.5,"minimalist,scandinavian",bedroom,jysk,https://jysk.md/frontend/web/uploads/product/УТ00396697/262812.jpg
bed-011,bed,Tăblie pat GREJS 150x48 bej,1250,MDL,https://jysk.md/ro/product/t-blie-pat-grejs-150x48-bej-479609,#D4B896,1.5,0.48,0.5,"minimalist,scandinavian",bedroom,jysk,https://jysk.md/frontend/web/uploads/product/УТ00396698/262807.jpg
bed-012,bed,Cadru pat BILLUND 90x200 depozitare travertin/bej,2750,MDL,https://jysk.md/ro/product/cadru-pat-billund-90x200-depozitare-travertin-bej-471427,#D4B896,0.9,2,0.5,"minimalist,scandinavian",bedroom,jysk,https://jysk.md/frontend/web/uploads/product/УТ00389121/262894 1.jpg
bed-013,bed,Cadru pat KILDEN 180x200 gri închis,2000,MDL,https://jysk.md/ro/product/cadru-pat-kilden-180x200-gri-nchis-323566,#888888,1.8,2,0.5,"minimalist,scandinavian",bedroom,jysk,https://jysk.md/frontend/web/uploads/product/УТ00255997/185266.jpg
bed-014,bed,Cadru pat ELLINGE 140x200 depozit. stejar,3850,MDL,https://jysk.md/ro/product/cadru-pat-ellinge-140x200-depozit-stejar-381830,#8B6914,1.4,2,0.5,"minimalist,scandinavian",bedroom,jysk,https://jysk.md/frontend/web/uploads/product/УТ00308958/236088.jpg
bed-015,bed,Cadru pat ELLINGE 160x200 depozit. stejar,4350,MDL,https://jysk.md/ro/product/cadru-pat-ellinge-160x200-depozit-stejar-381831,#8B6914,1.6,2,0.5,"minimalist,scandinavian",bedroom,jysk,https://jysk.md/frontend/web/uploads/product/УТ00308959/236088.jpg
bed-016,bed,Cadru pat ELLINGE 180x200 depozit. stejar,4850,MDL,https://jysk.md/ro/product/cadru-pat-ellinge-180x200-depozit-stejar-381833,#8B6914,1.8,2,0.5,"minimalist,scandinavian",bedroom,jysk,https://jysk.md/frontend/web/uploads/product/УТ00308960/236088.jpg
bed-017,bed,Cadru pat STUBBERUP 90x200 stejar natur,4499,MDL,https://jysk.md/ro/product/cadru-pat-stubberup-90x200-stejar-natur-471424,#8B6914,0.9,2,0.5,"minimalist,scandinavian",bedroom,jysk,https://jysk.md/frontend/web/uploads/product/УТ00389119/262882.jpg
bed-018,bed,Cadru pat STUBBERUP 140x200 stejar,5999,MDL,https://jysk.md/ro/product/cadru-pat-stubberup-140x200-stejar-381844,#8B6914,1.4,2,0.5,"minimalist,scandinavian",bedroom,jysk,https://jysk.md/frontend/web/uploads/product/УТ00308971/236146.jpg
bed-019,bed,Cadru pat STUBBERUP 160x200 stejar,6499,MDL,https://jysk.md/ro/product/cadru-pat-stubberup-160x200-stejar-381845,#8B6914,1.6,2,0.5,"minimalist,scandinavian",bedroom,jysk,https://jysk.md/frontend/web/uploads/product/УТ00308972/236146.jpg
bed-020,bed,Cadru pat STUBBERUP 180x200 stejar,6999,MDL,https://jysk.md/ro/product/cadru-pat-stubberup-180x200-stejar-381846,#8B6914,1.8,2,0.5,"minimalist,scandinavian",bedroom,jysk,https://jysk.md/frontend/web/uploads/product/УТ00308973/241283.jpg
bed-021,bed,Cadru pat OLSKER 160x200 alb,4000,MDL,https://jysk.md/ro/product/cadru-pat-olsker-160x200-alb-471422,#F5F0E8,1.6,2,0.5,"minimalist,scandinavian",bedroom,jysk,https://jysk.md/frontend/web/uploads/product/УТ00389117/262856.jpg
bed-022,bed,Cadru pat KONGSBERG 90x200 gri,4999,MDL,https://jysk.md/ro/product/cadru-pat-kongsberg-90x200-gri-6613,#888888,0.9,2,0.5,"minimalist,scandinavian",bedroom,jysk,https://jysk.md/frontend/web/uploads/product/УТ00073660/99017.jpg
bed-023,bed,Cadru pat KONGSBERG 140x200 gri,5999,MDL,https://jysk.md/ro/product/cadru-pat-kongsberg-140x200-gri-5879,#888888,1.4,2,0.5,"minimalist,scandinavian",bedroom,jysk,https://jysk.md/frontend/web/uploads/product/УТ00060878/255886 1.jpg
bed-024,bed,Cadru pat KONGSBERG 160x200 gri,6499,MDL,https://jysk.md/ro/product/cadru-pat-kongsberg-160x200-gri-5921,#888888,1.6,2,0.5,"minimalist,scandinavian",bedroom,jysk,https://jysk.md/frontend/web/uploads/product/УТ00060879/144516.jpg
bed-025,bed,Cadru pat KONGSBERG 180x200 gri,6999,MDL,https://jysk.md/ro/product/cadru-pat-kongsberg-180x200-gri-52197,#888888,1.8,2,0.5,"minimalist,scandinavian",bedroom,jysk,https://jysk.md/frontend/web/uploads/product/УТ00099045/144516.jpg
bed-026,bed,Cadru pat MARKSKEL 90x200 stejar/alb,5499,MDL,https://jysk.md/ro/product/cadru-pat-markskel-90x200-stejar-alb-192344,#F5F0E8,0.9,2,0.5,"minimalist,scandinavian",bedroom,jysk,https://jysk.md/frontend/web/uploads/product/УТ00208413/214778.jpg
bed-027,bed,Cadru pat MARKSKEL 140x200 stejar/alb,6999,MDL,https://jysk.md/ro/product/cadru-pat-markskel-140x200-stejar-alb-192369,#F5F0E8,1.4,2,0.5,"minimalist,scandinavian",bedroom,jysk,https://jysk.md/frontend/web/uploads/product/УТ00208427/185279.jpg
bed-028,bed,Cadru pat MARKSKEL 160x200 stejar/alb,7499,MDL,https://jysk.md/ro/product/cadru-pat-markskel-160x200-stejar-alb-192371,#F5F0E8,1.6,2,0.5,"minimalist,scandinavian",bedroom,jysk,https://jysk.md/frontend/web/uploads/product/УТ00208428/185279.jpg
bed-029,bed,Cadru pat MARKSKEL 180x200 stejar/alb,7999,MDL,https://jysk.md/ro/product/cadru-pat-markskel-180x200-stejar-alb-192375,#F5F0E8,1.8,2,0.5,"minimalist,scandinavian",bedroom,jysk,https://jysk.md/frontend/web/uploads/product/УТ00208430/185279.jpg
sofa-030,sofa,Modul canapea OKSBY braț/spătar nisipiu,650,MDL,https://jysk.md/ro/product/modul-canapea-oksby-bra-sp-tar-nisipiu-471456,#D4B896,2.2,0.9,0.85,"minimalist,scandinavian,cozy",living,jysk,https://jysk.md/frontend/web/uploads/product/УТ00389150/268856.jpg
sofa-031,sofa,Modul canapea OKSBY depozitare nisipiu,2850,MDL,https://jysk.md/ro/product/modul-canapea-oksby-depozitare-nisipiu-471457,#D4B896,2.2,0.9,0.85,"minimalist,scandinavian,cozy",living,jysk,https://jysk.md/frontend/web/uploads/product/УТ00389151/264204.jpg
sofa-032,sofa,Canapea modulară OKSBY 1 loc nisipie,3750,MDL,https://jysk.md/ro/product/canapea-modular-oksby-1-loc-nisipie-555224,#A0917A,2.2,0.9,0.85,"minimalist,scandinavian,cozy",living,jysk,https://jysk.md/frontend/web/uploads/product/УТ00404066/264636.jpg
sofa-033,sofa,Canapea modulară OKSBY 2 locuri nisipie,6500,MDL,https://jysk.md/ro/product/canapea-modular-oksby-2-locuri-nisipie-555225,#A0917A,2.2,0.9,0.85,"minimalist,scandinavian,cozy",living,jysk,https://jysk.md/frontend/web/uploads/product/УТ00404074/268011.jpg
sofa-034,sofa,Canapea modulară OKSBY 3 locuri nisipie,9000,MDL,https://jysk.md/ro/product/canapea-modular-oksby-3-locuri-nisipie-555226,#A0917A,2.2,0.9,0.85,"minimalist,scandinavian,cozy",living,jysk,https://jysk.md/frontend/web/uploads/product/УТ00404075/264638.jpg
sofa-035,sofa,Canapea modulară OKSBY 3 locuri șezlong nisipie,11000,MDL,https://jysk.md/ro/product/canapea-modular-oksby-3-locuri-ezlong-nisipie-555227,#A0917A,2.2,0.9,0.85,"minimalist,scandinavian,cozy",living,jysk,https://jysk.md/frontend/web/uploads/product/УТ00404076/264639.jpg
sofa-036,sofa,Canapea modulară OKSBY 5 locuri capăt nisipie,13500,MDL,https://jysk.md/ro/product/canapea-modular-oksby-5-locuri-cap-t-nisipie-555228,#A0917A,2.2,0.9,0.85,"minimalist,scandinavian,cozy",living,jysk,https://jysk.md/frontend/web/uploads/product/УТ00404077/271195.jpg
sofa-037,sofa,Modul canapea SKEJBY șezlong/taburet nisipiu,2699,MDL,https://jysk.md/ro/product/modul-canapea-skejby-ezlong-taburet-nisipiu-455655,#D4B896,2.2,0.9,0.85,"minimalist,scandinavian,cozy",living,jysk,https://jysk.md/frontend/web/uploads/product/УТ00376911/237042.jpg
sofa-038,sofa,Modul canapea SKEJBY centru nisipiu,4299,MDL,https://jysk.md/ro/product/modul-canapea-skejby-centru-nisipiu-455654,#D4B896,2.2,0.9,0.85,"minimalist,scandinavian,cozy",living,jysk,https://jysk.md/frontend/web/uploads/product/УТ00376910/237056.jpg
sofa-039,sofa,Modul canapea SKEJBY colț/capăt nisipiu,5999,MDL,https://jysk.md/ro/product/modul-canapea-skejby-col-cap-t-nisipiu-455653,#D4B896,2.2,0.9,0.85,"minimalist,scandinavian,cozy",living,jysk,https://jysk.md/frontend/web/uploads/product/УТ00376909/237049.jpg
sofa-040,sofa,Modul canapea SKEJBY capăt stânga nisipiu,7999,MDL,https://jysk.md/ro/product/modul-canapea-skejby-cap-t-st-nga-nisipiu-471459,#D4B896,2.2,0.9,0.85,"minimalist,scandinavian,cozy",living,jysk,https://jysk.md/frontend/web/uploads/product/УТ00389153/264192.jpg
sofa-041,sofa,Modul canapea SKEJBY șezlong dreapta nisipiu,9999,MDL,https://jysk.md/ro/product/modul-canapea-skejby-ezlong-dreapta-nisipiu-471458,#D4B896,2.2,0.9,0.85,"minimalist,scandinavian,cozy",living,jysk,https://jysk.md/frontend/web/uploads/product/УТ00389152/264186.jpg
sofa-042,sofa,Canapea modulară SKEJBY 2 locuri nisipie,8500,MDL,https://jysk.md/ro/product/canapea-modular-skejby-2-locuri-nisipie-455632,#A0917A,2.2,0.9,0.85,"minimalist,scandinavian,cozy",living,jysk,https://jysk.md/frontend/web/uploads/product/УТ00376887/238469.jpg
sofa-043,sofa,Canapea modulară SKEJBY 3 locuri nisipie,11500,MDL,https://jysk.md/ro/product/canapea-modular-skejby-3-locuri-nisipie-455633,#A0917A,2.2,0.9,0.85,"minimalist,scandinavian,cozy",living,jysk,https://jysk.md/frontend/web/uploads/product/УТ00376888/238489.jpg
sofa-044,sofa,Colțar modular SKEJBY 3 locuri nisipiu,13500,MDL,https://jysk.md/ro/product/col-ar-modular-skejby-3-locuri-nisipiu-455634,#D4B896,2.2,0.9,0.85,"minimalist,scandinavian,cozy",living,jysk,https://jysk.md/frontend/web/uploads/product/УТ00376889/238506.jpg
sofa-045,sofa,Canapea modulară SKEJBY 3 locuri șezlong bej,14500,MDL,https://jysk.md/ro/product/canapea-modular-skejby-3-locuri-ezlong-bej-555230,#D4B896,2.2,0.9,0.85,"minimalist,scandinavian,cozy",living,jysk,https://jysk.md/frontend/web/uploads/product/УТ00404081/264645.jpg
sofa-046,sofa,Colțar modular SKEJBY 5 locuri nisipiu,21999,MDL,https://jysk.md/ro/product/col-ar-modular-skejby-5-locuri-nisipiu-455635,#D4B896,2.2,0.9,0.85,"minimalist,scandinavian,cozy",living,jysk,https://jysk.md/frontend/web/uploads/product/УТ00376890/239313.jpg
sofa-047,sofa,Modul canapea LYBY șezlong/puf nisipiu,3999,MDL,https://jysk.md/ro/product/modul-canapea-lyby-ezlong-puf-nisipiu-479618,#D4B896,2.2,0.9,0.85,"minimalist,scandinavian,cozy",living,jysk,https://jysk.md/frontend/web/uploads/product/УТ00396709/236997.jpg
sofa-048,sofa,Modul canapea LYBY centru nisipiu,5499,MDL,https://jysk.md/ro/product/modul-canapea-lyby-centru-nisipiu-479617,#D4B896,2.2,0.9,0.85,"minimalist,scandinavian,cozy",living,jysk,https://jysk.md/frontend/web/uploads/product/УТ00396708/237029.jpg
sofa-049,sofa,Modul canapea LYBY colț/capăt nisipiu,6499,MDL,https://jysk.md/ro/product/modul-canapea-lyby-col-cap-t-nisipiu-479619,#D4B896,2.2,0.9,0.85,"minimalist,scandinavian,cozy",living,jysk,https://jysk.md/frontend/web/uploads/product/УТ00396710/249859.jpg
sofa-050,sofa,Canapea modulară LYBY 2 locuri nisipie,10000,MDL,https://jysk.md/ro/product/canapea-modular-lyby-2-locuri-nisipie-487049,#A0917A,2.2,0.9,0.85,"minimalist,scandinavian,cozy",living,jysk,https://jysk.md/frontend/web/uploads/product/УТ00404061/12345.jpg
sofa-051,sofa,Canapea modulară LYBY 3 locuri nisipie,14000,MDL,https://jysk.md/ro/product/canapea-modular-lyby-3-locuri-nisipie-555221,#A0917A,2.2,0.9,0.85,"minimalist,scandinavian,cozy",living,jysk,https://jysk.md/frontend/web/uploads/product/УТ00404062/249855.jpg
sofa-052,sofa,Colțar modular LYBY șezlong nisipiu,17500,MDL,https://jysk.md/ro/product/col-ar-modular-lyby-ezlong-nisipiu-555222,#D4B896,2.2,0.9,0.85,"minimalist,scandinavian,cozy",living,jysk,https://jysk.md/frontend/web/uploads/product/УТ00404063/249853.jpg
sofa-053,sofa,Colțar modular LYBY 5 locuri braț deschis nisipiu,22000,MDL,https://jysk.md/ro/product/col-ar-modular-lyby-5-locuri-bra-deschis-nisipiu-555223,#D4B896,2.2,0.9,0.85,"minimalist,scandinavian,cozy",living,jysk,https://jysk.md/frontend/web/uploads/product/УТ00404064/249843.jpg
sofa-054,sofa,Canapea EGENSE 2 pers. gri închis,4500,MDL,https://jysk.md/ro/product/canapea-egense-2-pers-gri-nchis-6476,#888888,2.2,0.9,0.85,"minimalist,scandinavian,cozy",living,jysk,https://jysk.md/frontend/web/uploads/product/УТ00072654/86031.jpg
sofa-055,sofa,Canapea EGENSE 2 locuri nisipie,4500,MDL,https://jysk.md/ro/product/canapea-egense-2-locuri-nisipie-381888,#A0917A,2.2,0.9,0.85,"minimalist,scandinavian,cozy",living,jysk,https://jysk.md/frontend/web/uploads/product/УТ00309010/236872.jpg
sofa-056,sofa,Canapea EGENSE 3 pers. gri închis,5500,MDL,https://jysk.md/ro/product/canapea-egense-3-pers-gri-nchis-6436,#888888,2.2,0.9,0.85,"minimalist,scandinavian,cozy",living,jysk,https://jysk.md/frontend/web/uploads/product/УТ00072583/110179.jpg
sofa-057,sofa,Canapea EGENSE 3 locuri nisipie,5500,MDL,https://jysk.md/ro/product/canapea-egense-3-locuri-nisipie-381889,#A0917A,2.2,0.9,0.85,"minimalist,scandinavian,cozy",living,jysk,https://jysk.md/frontend/web/uploads/product/УТ00309011/236879.jpg
sofa-058,sofa,Colțar EGENSE gri închis,9000,MDL,https://jysk.md/ro/product/col-ar-egense-gri-nchis-6470,#888888,2.2,0.9,0.85,"minimalist,scandinavian,cozy",living,jysk,https://jysk.md/frontend/web/uploads/product/УТ00072647/86038.jpg
sofa-059,sofa,Set canapele EGENSE 2 piese gri închis,9000,MDL,https://jysk.md/ro/product/set-canapele-egense-2-piese-gri-nchis-325242,#888888,2.2,0.9,0.85,"minimalist,scandinavian,cozy",living,jysk,https://jysk.md/frontend/web/uploads/product/УТ00256510/110178.jpg
sofa-060,sofa,Colțar EGENSE nisipiu,9000,MDL,https://jysk.md/ro/product/col-ar-egense-nisipiu-381890,#D4B896,2.2,0.9,0.85,"minimalist,scandinavian,cozy",living,jysk,https://jysk.md/frontend/web/uploads/product/УТ00309012/236892.jpg
sofa-061,sofa,Set 2 canapele EGENSE nisipiu,9000,MDL,https://jysk.md/ro/product/set-2-canapele-egense-nisipiu-465694,#D4B896,2.2,0.9,0.85,"minimalist,scandinavian,cozy",living,jysk,https://jysk.md/frontend/web/uploads/product/УТ00383577/238514.jpg
sofa-062,sofa,Canapea FALSLEV 2 locuri gri,6499,MDL,https://jysk.md/ro/product/canapea-falslev-2-locuri-gri-471452,#888888,2.2,0.9,0.85,"minimalist,scandinavian,cozy",living,jysk,https://jysk.md/frontend/web/uploads/product/УТ00389131/264046.jpg
sofa-063,sofa,Canapea FALSLEV 2 locuri neagră,6999,MDL,https://jysk.md/ro/product/canapea-falslev-2-locuri-neagr-471436,#A0917A,2.2,0.9,0.85,"minimalist,scandinavian,cozy",living,jysk,https://jysk.md/frontend/web/uploads/product/УТ00389130/264040.jpg
sofa-064,sofa,Canapea FALSLEV 3 locuri gri,8499,MDL,https://jysk.md/ro/product/canapea-falslev-3-locuri-gri-471454,#888888,2.2,0.9,0.85,"minimalist,scandinavian,cozy",living,jysk,https://jysk.md/frontend/web/uploads/product/УТ00389148/264058.jpg
sofa-065,sofa,Canapea FALSLEV 3 locuri neagră,8999,MDL,https://jysk.md/ro/product/canapea-falslev-3-locuri-neagr-471453,#A0917A,2.2,0.9,0.85,"minimalist,scandinavian,cozy",living,jysk,https://jysk.md/frontend/web/uploads/product/УТ00389147/264052.jpg
sofa-066,sofa,Colțar FALSLEV gri,10999,MDL,https://jysk.md/ro/product/col-ar-falslev-gri-71100,#888888,2.2,0.9,0.85,"minimalist,scandinavian,cozy",living,jysk,https://jysk.md/frontend/web/uploads/product/УТ00121950/50111.jpg
sofa-067,sofa,Colțar FALSLEV imitație piele negru,10999,MDL,https://jysk.md/ro/product/col-ar-falslev-imita-ie-piele-negru-264295,#2A2A2A,2.2,0.9,0.85,"minimalist,scandinavian,cozy",living,jysk,https://jysk.md/frontend/web/uploads/product/УТ00218106/213318.jpg
sofa-068,sofa,Colțar FALSLEV reiat măsliniu,10999,MDL,https://jysk.md/ro/product/col-ar-falslev-reiat-m-sliniu-471455,#A0917A,2.2,0.9,0.85,"minimalist,scandinavian,cozy",living,jysk,https://jysk.md/frontend/web/uploads/product/УТ00389149/236931 1.jpg
sofa-069,sofa,Canapea GISTRUP 2 locuri albastru închis,6499,MDL,https://jysk.md/ro/product/canapea-gistrup-2-locuri-albastru-nchis-52275,#F5F0E8,2.2,0.9,0.85,"minimalist,scandinavian,cozy",living,jysk,https://jysk.md/frontend/web/uploads/product/УТ00108631/161882.jpg
sofa-070,sofa,Canapea GISTRUP alb-murdar,6499,MDL,https://jysk.md/ro/product/canapea-gistrup-alb-murdar-131260,#F5F0E8,2.2,0.9,0.85,"minimalist,scandinavian,cozy",living,jysk,https://jysk.md/frontend/web/uploads/product/УТ00167538/185326.jpg
sofa-071,sofa,Canapea GISTRUP 3 locuri albastru închis,8499,MDL,https://jysk.md/ro/product/canapea-gistrup-3-locuri-albastru-nchis-52276,#F5F0E8,2.2,0.9,0.85,"minimalist,scandinavian,cozy",living,jysk,https://jysk.md/frontend/web/uploads/product/УТ00108632/161877.jpg
sofa-072,sofa,Set canapele GISTRUP bleumarin,10000,MDL,https://jysk.md/ro/product/set-canapele-gistrup-bleumarin-325243,#A0917A,2.2,0.9,0.85,"minimalist,scandinavian,cozy",living,jysk,https://jysk.md/frontend/web/uploads/product/УТ00256511/253026.jpg
sofa-073,sofa,Canapea GEDVED 2 locuri gri,6999,MDL,https://jysk.md/ro/product/canapea-gedved-2-locuri-gri-3924,#888888,2.2,0.9,0.85,"minimalist,scandinavian,cozy",living,jysk,https://jysk.md/frontend/web/uploads/product/УТ00075369/99145.jpg
sofa-074,sofa,Canapea GEDVED 2 locuri gri deschis,6999,MDL,https://jysk.md/ro/product/canapea-gedved-2-locuri-gri-deschis-6437,#888888,2.2,0.9,0.85,"minimalist,scandinavian,cozy",living,jysk,https://jysk.md/frontend/web/uploads/product/УТ00072584/204806.jpg
sofa-075,sofa,Canapea GEDVED 3 locuri gri,9499,MDL,https://jysk.md/ro/product/canapea-gedved-3-locuri-gri-3925,#888888,2.2,0.9,0.85,"minimalist,scandinavian,cozy",living,jysk,https://jysk.md/frontend/web/uploads/product/УТ00075370/99140.jpg
sofa-076,sofa,Canapea GEDVED 3 locuri gri deschis,9499,MDL,https://jysk.md/ro/product/canapea-gedved-3-locuri-gri-deschis-6471,#888888,2.2,0.9,0.85,"minimalist,scandinavian,cozy",living,jysk,https://jysk.md/frontend/web/uploads/product/УТ00072648/204807.jpg
sofa-077,sofa,Canapea GEDVED cu sezlong gri,11999,MDL,https://jysk.md/ro/product/canapea-gedved-cu-sezlong-gri-3923,#888888,2.2,0.9,0.85,"minimalist,scandinavian,cozy",living,jysk,https://jysk.md/frontend/web/uploads/product/УТ00075368/99137.jpg
sofa-078,sofa,Canapea GEDVED cu șezlong gri deschis,11999,MDL,https://jysk.md/ro/product/canapea-gedved-cu-ezlong-gri-deschis-52277,#888888,2.2,0.9,0.85,"minimalist,scandinavian,cozy",living,jysk,https://jysk.md/frontend/web/uploads/product/УТ00108633/204804.jpg
sofa-079,sofa,Set canapele GEDVED 2 piese gri deschis,11500,MDL,https://jysk.md/ro/product/set-canapele-gedved-2-piese-gri-deschis-325244,#888888,2.2,0.9,0.85,"minimalist,scandinavian,cozy",living,jysk,https://jysk.md/frontend/web/uploads/product/УТ00256513/251792.jpg
sofa-080,sofa,Set canapele GEDVED 2 piese gri,11500,MDL,https://jysk.md/ro/product/set-canapele-gedved-2-piese-gri-325245,#888888,2.2,0.9,0.85,"minimalist,scandinavian,cozy",living,jysk,https://jysk.md/frontend/web/uploads/product/УТ00256514/251789.jpg
sofa-081,sofa,Canapea ANDRUP 3 locuri ovală bej,8000,MDL,https://jysk.md/ro/product/canapea-andrup-3-locuri-oval-bej-471433,#D4B896,2.2,0.9,0.85,"minimalist,scandinavian,cozy",living,jysk,https://jysk.md/frontend/web/uploads/product/УТ00389127/264033.jpg
sofa-082,sofa,"Canapea EGEDAL 2,5 locuri gri deschis",8999,MDL,https://jysk.md/ro/product/canapea-egedal-2-5-locuri-gri-deschis-5677,#888888,2.2,0.9,0.85,"minimalist,scandinavian,cozy",living,jysk,https://jysk.md/frontend/web/uploads/product/УТ000015187/256323 1.jpg
sofa-083,sofa,"Canapea EGEDAL 2,5 locuri gri",8999,MDL,https://jysk.md/ro/product/canapea-egedal-2-5-locuri-gri-131257,#888888,2.2,0.9,0.85,"minimalist,scandinavian,cozy",living,jysk,https://jysk.md/frontend/web/uploads/product/УТ00167535/148734.jpg
sofa-084,sofa,Canapea EGEDAL 2.5 locuri bej,8999,MDL,https://jysk.md/ro/product/canapea-egedal-2-5-locuri-bej-264357,#D4B896,2.2,0.9,0.85,"minimalist,scandinavian,cozy",living,jysk,https://jysk.md/frontend/web/uploads/product/УТ00218145/256307 1.jpg
sofa-085,sofa,"Canapea EGEDAL 2,5 locuri catifea verde",8999,MDL,https://jysk.md/ro/product/canapea-egedal-2-5-locuri-catifea-verde-471434,#4A7A5A,2.2,0.9,0.85,"minimalist,scandinavian,cozy",living,jysk,https://jysk.md/frontend/web/uploads/product/УТ00389128/256315.jpg
sofa-086,sofa,Canapea EGEDAL 2.5 locuri ruginie,8999,MDL,https://jysk.md/ro/product/canapea-egedal-2-5-locuri-ruginie-471435,#A0917A,2.2,0.9,0.85,"minimalist,scandinavian,cozy",living,jysk,https://jysk.md/frontend/web/uploads/product/УТ00389129/236865.jpg
sofa-087,sofa,CANAPEA HELLERUP,9999,MDL,https://jysk.md/ro/product/canapea-hellerup-471460,#A0917A,2.2,0.9,0.85,"minimalist,scandinavian,cozy",living,jysk,https://jysk.md/frontend/web/uploads/product/УТ00389154/267539.jpg
sofa-088,sofa,Canapea HELLERUP 3 locuri gri,9999,MDL,https://jysk.md/ro/product/canapea-hellerup-3-locuri-gri-554790,#888888,2.2,0.9,0.85,"minimalist,scandinavian,cozy",living,jysk,https://jysk.md/frontend/web/uploads/product/УТ00389158/264105.jpg
sofa-089,sofa,Colțar HELLERUP șezlong gri,14999,MDL,https://jysk.md/ro/product/col-ar-hellerup-ezlong-gri-471465,#888888,2.2,0.9,0.85,"minimalist,scandinavian,cozy",living,jysk,https://jysk.md/frontend/web/uploads/product/УТ00389159/264117.jpg
sofa-090,sofa,Colțar HELLERUP șezlong bej,14999,MDL,https://jysk.md/ro/product/col-ar-hellerup-ezlong-bej-554791,#D4B896,2.2,0.9,0.85,"minimalist,scandinavian,cozy",living,jysk,https://jysk.md/frontend/web/uploads/product/УТ00389155/264111.jpg
sofa-091,sofa,Colțar HELLERUP capăt deschis dreapta bej,19999,MDL,https://jysk.md/ro/product/col-ar-hellerup-cap-t-deschis-dreapta-bej-471463,#D4B896,2.2,0.9,0.85,"minimalist,scandinavian,cozy",living,jysk,https://jysk.md/frontend/web/uploads/product/УТ00389157/264160.jpg
sofa-092,sofa,Colțar HELLERUP capăt deschis stânga gri,19999,MDL,https://jysk.md/ro/product/col-ar-hellerup-cap-t-deschis-st-nga-gri-471471,#888888,2.2,0.9,0.85,"minimalist,scandinavian,cozy",living,jysk,https://jysk.md/frontend/web/uploads/product/УТ00389165/270212.jpg
sofa-093,sofa,Colțar HELLERUP capăt deschis dreapta gri,19999,MDL,https://jysk.md/ro/product/col-ar-hellerup-cap-t-deschis-dreapta-gri-471472,#888888,2.2,0.9,0.85,"minimalist,scandinavian,cozy",living,jysk,https://jysk.md/frontend/web/uploads/product/УТ00389166/264166.jpg
sofa-094,sofa,Colțar HELLERUP capăt deschis stânga bej,19999,MDL,https://jysk.md/ro/product/col-ar-hellerup-cap-t-deschis-st-nga-bej-554792,#D4B896,2.2,0.9,0.85,"minimalist,scandinavian,cozy",living,jysk,https://jysk.md/frontend/web/uploads/product/УТ00389163/264148.jpg
sofa-095,sofa,Colțar HELLERUP dreapta bej,22999,MDL,https://jysk.md/ro/product/col-ar-hellerup-dreapta-bej-471462,#D4B896,2.2,0.9,0.85,"minimalist,scandinavian,cozy",living,jysk,https://jysk.md/frontend/web/uploads/product/УТ00389156/264136.jpg
sofa-096,sofa,Canapea HELLERUP 6 persoane bej,22999,MDL,https://jysk.md/ro/product/canapea-hellerup-6-persoane-bej-471466,#D4B896,2.2,0.9,0.85,"minimalist,scandinavian,cozy",living,jysk,https://jysk.md/frontend/web/uploads/product/УТ00389160/264124.jpg
sofa-097,sofa,Colțar HELLERUP stânga gri/stejar natur,22999,MDL,https://jysk.md/ro/product/col-ar-hellerup-st-nga-gri-stejar-natur-471467,#8B6914,2.2,0.9,0.85,"minimalist,scandinavian,cozy",living,jysk,https://jysk.md/frontend/web/uploads/product/УТ00389161/264130.jpg
sofa-098,sofa,Colțar HELLERUP dreapta gri,22999,MDL,https://jysk.md/ro/product/col-ar-hellerup-dreapta-gri-471468,#888888,2.2,0.9,0.85,"minimalist,scandinavian,cozy",living,jysk,https://jysk.md/frontend/web/uploads/product/УТ00389162/264142.jpg
sofa-099,sofa,Canapea ABILDSKOV mecanism înclinare gri,13999,MDL,https://jysk.md/ro/product/canapea-abildskov-mecanism-nclinare-gri-52279,#888888,2.2,0.9,0.85,"minimalist,scandinavian,cozy",living,jysk,https://jysk.md/frontend/web/uploads/product/УТ00108635/161866.jpg
sofa-100,sofa,Colțar ALLESE dreapta bej,14000,MDL,https://jysk.md/ro/product/col-ar-allese-dreapta-bej-366662,#D4B896,2.2,0.9,0.85,"minimalist,scandinavian,cozy",living,jysk,https://jysk.md/frontend/web/uploads/product/УТ00294946/249922.jpg
sofa-101,sofa,Colțar ALLESE stânga bej,14000,MDL,https://jysk.md/ro/product/col-ar-allese-st-nga-bej-428636,#D4B896,2.2,0.9,0.85,"minimalist,scandinavian,cozy",living,jysk,https://jysk.md/frontend/web/uploads/product/УТ00352400/256299 1.jpg
sofa-102,sofa,Colțar extensibil MOMMARK bej,13000,MDL,https://jysk.md/ro/product/col-ar-extensibil-mommark-bej-329837,#D4B896,2.2,0.9,0.85,"minimalist,scandinavian,cozy",living,jysk,https://jysk.md/frontend/web/uploads/product/УТ00259784/244355.jpg
sofa-103,sofa,Canapea extensibilă ORMSLEV,15999,MDL,https://jysk.md/ro/product/canapea-extensibil-ormslev-471475,#A0917A,2.2,0.9,0.85,"minimalist,scandinavian,cozy",living,jysk,https://jysk.md/frontend/web/uploads/product/УТ00389169/263989.jpg
sofa-104,sofa,CANAPEA TEGLHUSE  sezlong bej extensibila,15999,MDL,https://jysk.md/ro/product/canapea-teglhuse-sezlong-bej-extensibila-381892,#D4B896,2.2,0.9,0.85,"minimalist,scandinavian,cozy",living,jysk,https://jysk.md/frontend/web/uploads/product/УТ00309014/237439.jpg
sofa-105,sofa,Colțar JYLLINGE plușat bej,16999,MDL,https://jysk.md/ro/product/col-ar-jyllinge-plu-at-bej-537585,#D4B896,2.2,0.9,0.85,"minimalist,scandinavian,cozy",living,jysk,https://jysk.md/frontend/web/uploads/product/УТ00434645/236924.jpg
sofa-106,sofa,Canapea VONSILD 3 locuri gri deschis,16999,MDL,https://jysk.md/ro/product/canapea-vonsild-3-locuri-gri-deschis-264351,#888888,2.2,0.9,0.85,"minimalist,scandinavian,cozy",living,jysk,https://jysk.md/frontend/web/uploads/product/УТ00218139/213336.jpg
sofa-107,sofa,Canapea extensibilă HOLSTED gri,4000,MDL,https://jysk.md/ro/product/canapea-extensibil-holsted-gri-264279,#888888,2.2,0.9,0.85,"minimalist,scandinavian,cozy",living,jysk,https://jysk.md/frontend/web/uploads/product/УТ00218094/212232.jpg
sofa-108,sofa,Canapea extensibilă ILDVED bej,6000,MDL,https://jysk.md/ro/product/canapea-extensibil-ildved-bej-554811,#D4B896,2.2,0.9,0.85,"minimalist,scandinavian,cozy",living,jysk,https://jysk.md/frontend/web/uploads/product/УТ00446038/223528.jpg
sofa-109,sofa,Canapea extensibilă SKILLEBEKK gri înch.,6000,MDL,https://jysk.md/ro/product/canapea-extensibil-skillebekk-gri-nch-131259,#888888,2.2,0.9,0.85,"minimalist,scandinavian,cozy",living,jysk,https://jysk.md/frontend/web/uploads/product/УТ00167537/131375.jpg
sofa-110,sofa,Canapea extensibilă HARNDRUP bleumarin,5000,MDL,https://jysk.md/ro/product/canapea-extensibil-harndrup-bleumarin-4530,#A0917A,2.2,0.9,0.85,"minimalist,scandinavian,cozy",living,jysk,https://jysk.md/frontend/web/uploads/product/УТ00082424/113568.jpg
sofa-111,sofa,Canapea extensibilă PARADIS  gri deschis,6499,MDL,https://jysk.md/ro/product/canapea-extensibil-paradis-gri-deschis-52280,#888888,2.2,0.9,0.85,"minimalist,scandinavian,cozy",living,jysk,https://jysk.md/frontend/web/uploads/product/УТ00108636/161892.jpg
sofa-112,sofa,Canapea extensibilă PARADIS crem/stejar,6499,MDL,https://jysk.md/ro/product/canapea-extensibil-paradis-crem-stejar-381893,#F5F0E8,2.2,0.9,0.85,"minimalist,scandinavian,cozy",living,jysk,https://jysk.md/frontend/web/uploads/product/УТ00309015/237431.jpg
sofa-113,sofa,Canapea extensibilă NORSMINDE gri deschis,6750,MDL,https://jysk.md/ro/product/canapea-extensibil-norsminde-gri-deschis-233719,#888888,2.2,0.9,0.85,"minimalist,scandinavian,cozy",living,jysk,https://jysk.md/frontend/web/uploads/product/УТ00210036/110126.jpg
sofa-114,sofa,Canapea extensibilă NORSMINDE albastră,6750,MDL,https://jysk.md/ro/product/canapea-extensibil-norsminde-albastr-264594,#F5F0E8,2.2,0.9,0.85,"minimalist,scandinavian,cozy",living,jysk,https://jysk.md/frontend/web/uploads/product/УТ00218294/212257.jpg
sofa-115,sofa,Canapea extensibilă NEJEDE gri deschis,6999,MDL,https://jysk.md/ro/product/canapea-extensibil-nejede-gri-deschis-327913,#888888,2.2,0.9,0.85,"minimalist,scandinavian,cozy",living,jysk,https://jysk.md/frontend/web/uploads/product/УТ00257931/256391 1.jpg
sofa-116,sofa,Canapea extensibilă MARSLEV 3 locuri gri închis,9000,MDL,https://jysk.md/ro/product/canapea-extensibil-marslev-3-locuri-gri-nchis-131262,#888888,2.2,0.9,0.85,"minimalist,scandinavian,cozy",living,jysk,https://jysk.md/frontend/web/uploads/product/УТ00167540/185370.jpg
sofa-117,sofa,Canapea extensibilă sezlong VILS gri închis,8500,MDL,https://jysk.md/ro/product/canapea-extensibil-sezlong-vils-gri-nchis-5645,#888888,2.2,0.9,0.85,"minimalist,scandinavian,cozy",living,jysk,https://jysk.md/frontend/web/uploads/product/УТ000013009/1136013.jpg
sofa-118,sofa,Canapea extensibilă sezlong VILS gri deschis.,8500,MDL,https://jysk.md/ro/product/canapea-extensibil-sezlong-vils-gri-deschis-117505,#888888,2.2,0.9,0.85,"minimalist,scandinavian,cozy",living,jysk,https://jysk.md/frontend/web/uploads/product/УТ00156637/1136013.jpg
sofa-119,sofa,Canapea extensibilă VEJLBY 3 loc gri închis,12999,MDL,https://jysk.md/ro/product/canapea-extensibil-vejlby-3-loc-gri-nchis-471473,#888888,2.2,0.9,0.85,"minimalist,scandinavian,cozy",living,jysk,https://jysk.md/frontend/web/uploads/product/УТ00389167/263998.jpg
sofa-120,sofa,Canapea extensibilă VEJLBY 3 loc nisipie,12999,MDL,https://jysk.md/ro/product/canapea-extensibil-vejlby-3-loc-nisipie-471474,#A0917A,2.2,0.9,0.85,"minimalist,scandinavian,cozy",living,jysk,https://jysk.md/frontend/web/uploads/product/УТ00389168/264007.jpg
sofa-121,sofa,Colțar extensibil VEJLBY gri închis,17999,MDL,https://jysk.md/ro/product/col-ar-extensibil-vejlby-gri-nchis-6473,#888888,2.2,0.9,0.85,"minimalist,scandinavian,cozy",living,jysk,https://jysk.md/frontend/web/uploads/product/УТ00072650/256382 1.jpg
sofa-122,sofa,Colțar extensibil VEJLBY nisipiu deschis,17999,MDL,https://jysk.md/ro/product/col-ar-extensibil-vejlby-nisipiu-deschis-52278,#D4B896,2.2,0.9,0.85,"minimalist,scandinavian,cozy",living,jysk,https://jysk.md/frontend/web/uploads/product/УТ00108634/256364 1.jpg
chair-123,chair,Scaun birou NIMTOFTE negru,1350,MDL,https://jysk.md/ro/product/scaun-birou-nimtofte-negru-5358,#2A2A2A,0.6,0.6,1,"minimalist,industrial",office,jysk,https://jysk.md/frontend/web/uploads/product/УТ000013815/256832.jpg
chair-124,chair,Scaun birou NIMTOFTE gri,1350,MDL,https://jysk.md/ro/product/scaun-birou-nimtofte-gri-471324,#888888,0.6,0.6,1,"minimalist,industrial",office,jysk,https://jysk.md/frontend/web/uploads/product/УТ00389016/263686.jpg
chair-125,chair,Scaun birou BILLUM negru,1500,MDL,https://jysk.md/ro/product/scaun-birou-billum-negru-5978,#2A2A2A,0.6,0.6,1,"minimalist,industrial",office,jysk,https://jysk.md/frontend/web/uploads/product/УТ00062301/256796.jpg
chair-126,chair,Scaun birou BILLUM gri/negru,1500,MDL,https://jysk.md/ro/product/scaun-birou-billum-gri-negru-327932,#2A2A2A,0.6,0.6,1,"minimalist,industrial",office,jysk,https://jysk.md/frontend/web/uploads/product/УТ00257947/256805.jpg
chair-127,chair,Scaun birou ASPERUP negru,1350,MDL,https://jysk.md/ro/product/scaun-birou-asperup-negru-153936,#2A2A2A,0.6,0.6,1,"minimalist,industrial",office,jysk,https://jysk.md/frontend/web/uploads/product/УТ00119436/126689.jpg
chair-128,chair,Scaun birou KOKKEDAL gri,1250,MDL,https://jysk.md/ro/product/scaun-birou-kokkedal-gri-4979,#888888,0.6,0.6,1,"minimalist,industrial",office,jysk,https://jysk.md/frontend/web/uploads/product/УТ00091529/126705.jpg
chair-129,chair,Scaun birou KOKKEDAL bej,1250,MDL,https://jysk.md/ro/product/scaun-birou-kokkedal-bej-471323,#D4B896,0.6,0.6,1,"minimalist,industrial",office,jysk,https://jysk.md/frontend/web/uploads/product/УТ00389015/263636.jpg
chair-130,chair,Scaun birou SNEDSTED alb,1999,MDL,https://jysk.md/ro/product/scaun-birou-snedsted-alb-6006,#F5F0E8,0.6,0.6,1,"minimalist,industrial",office,jysk,https://jysk.md/frontend/web/uploads/product/УТ00062388/31000.jpg
chair-131,chair,Scaun birou PEBRINGE gri închis/negru,2299,MDL,https://jysk.md/ro/product/scaun-birou-pebringe-gri-nchis-negru-264353,#2A2A2A,0.6,0.6,1,"minimalist,industrial",office,jysk,https://jysk.md/frontend/web/uploads/product/УТ00218141/256814.jpg
chair-132,chair,Scaun de birou SKODSBORG gri,1750,MDL,https://jysk.md/ro/product/scaun-de-birou-skodsborg-gri-9028,#888888,0.6,0.6,1,"minimalist,industrial",office,jysk,https://jysk.md/frontend/web/uploads/product/УТ00094797/256769.jpg
chair-133,chair,Scaun de birou SKODSBORG negru,1750,MDL,https://jysk.md/ro/product/scaun-de-birou-skodsborg-negru-68242,#2A2A2A,0.6,0.6,1,"minimalist,industrial",office,jysk,https://jysk.md/frontend/web/uploads/product/УТ00066889/268558.jpg
chair-134,chair,Scaun birou FOLBY plasă neagră,2999,MDL,https://jysk.md/ro/product/scaun-birou-folby-plas-neagr-472173,#A0917A,0.6,0.6,1,"minimalist,industrial",office,jysk,https://jysk.md/frontend/web/uploads/product/УТ00389859/263628 1.jpg
chair-135,chair,Scaun birou MARBJERG gri/negru,3299,MDL,https://jysk.md/ro/product/scaun-birou-marbjerg-gri-negru-381917,#2A2A2A,0.6,0.6,1,"minimalist,industrial",office,jysk,https://jysk.md/frontend/web/uploads/product/УТ00309039/237986.jpg
chair-136,chair,Scaun birou TJELE negru,3499,MDL,https://jysk.md/ro/product/scaun-birou-tjele-negru-5979,#2A2A2A,0.6,0.6,1,"minimalist,industrial",office,jysk,https://jysk.md/frontend/web/uploads/product/УТ00062306/256787.jpg
chair-137,chair,Scaun birou KASTBJERG negru,3999,MDL,https://jysk.md/ro/product/scaun-birou-kastbjerg-negru-264595,#2A2A2A,0.6,0.6,1,"minimalist,industrial",office,jysk,https://jysk.md/frontend/web/uploads/product/УТ00218295/256823.jpg
chair-138,chair,Scaun birou TAMDRUP negru,3999,MDL,https://jysk.md/ro/product/scaun-birou-tamdrup-negru-6324,#2A2A2A,0.6,0.6,1,"minimalist,industrial",office,jysk,https://jysk.md/frontend/web/uploads/product/УТ00067393/61754.jpg
chair-139,chair,Scaun birou VARPELEV negru,5499,MDL,https://jysk.md/ro/product/scaun-birou-varpelev-negru-381977,#2A2A2A,0.6,0.6,1,"minimalist,industrial",office,jysk,https://jysk.md/frontend/web/uploads/product/УТ00309099/237964.jpg
chair-140,chair,Scaun gaming RANDRUP imitație piele negru,1350,MDL,https://jysk.md/ro/product/scaun-gaming-randrup-imita-ie-piele-negru-471322,#2A2A2A,0.6,0.6,1,"gaming,industrial","gaming,office",jysk,https://jysk.md/frontend/web/uploads/product/УТ00389014/263708.jpg
chair-141,chair,Scaun gaming FJELSTED imitație piele negru/gri,2150,MDL,https://jysk.md/ro/product/scaun-gaming-fjelsted-imita-ie-piele-negru-gri-471321,#2A2A2A,0.6,0.6,1,"gaming,industrial","gaming,office",jysk,https://jysk.md/frontend/web/uploads/product/УТ00389013/263700.jpg
chair-142,chair,Scaun gaming VOJENS negru,2999,MDL,https://jysk.md/ro/product/scaun-gaming-vojens-negru-4538,#2A2A2A,0.6,0.6,1,"gaming,industrial","gaming,office",jysk,https://jysk.md/frontend/web/uploads/product/УТ00082432/113762.jpg
chair-143,chair,Scaun gaming HALLUM sup. picioare negru,3999,MDL,https://jysk.md/ro/product/scaun-gaming-hallum-sup-picioare-negru-131276,#2A2A2A,0.6,0.6,1,"gaming,industrial","gaming,office",jysk,https://jysk.md/frontend/web/uploads/product/УТ00167555/176484.jpg
chair-144,chair,Scaun gaming LAMBJERG negru/verde,2750,MDL,https://jysk.md/ro/product/scaun-gaming-lambjerg-negru-verde-3956,#2A2A2A,0.6,0.6,1,"gaming,industrial","gaming,office",jysk,https://jysk.md/frontend/web/uploads/product/УТ00076552/107479.jpg
chair-145,chair,Scaun gaming NIBE negru/roșu,3999,MDL,https://jysk.md/ro/product/scaun-gaming-nibe-negru-ro-u-4983,#2A2A2A,0.6,0.6,1,"gaming,industrial","gaming,office",jysk,https://jysk.md/frontend/web/uploads/product/УТ00091533/126716.jpg
chair-146,chair,Scaun gaming NIBE negru,3999,MDL,https://jysk.md/ro/product/scaun-gaming-nibe-negru-264472,#2A2A2A,0.6,0.6,1,"gaming,industrial","gaming,office",jysk,https://jysk.md/frontend/web/uploads/product/УТ00218217/213355.jpg
chair-147,chair,Scaun gaming NIBE alb/bej,3999,MDL,https://jysk.md/ro/product/scaun-gaming-nibe-alb-bej-292897,#F5F0E8,0.6,0.6,1,"gaming,industrial","gaming,office",jysk,https://jysk.md/frontend/web/uploads/product/УТ00236206/213360.jpg
chair-148,chair,Scaun gaming RANUM cu LED negru,4499,MDL,https://jysk.md/ro/product/scaun-gaming-ranum-cu-led-negru-68256,#2A2A2A,0.6,0.6,1,"gaming,industrial","gaming,office",jysk,https://jysk.md/frontend/web/uploads/product/УТ00119417/149080.jpg
chair-149,chair,Scaun gaming ABILDAA gri antracit,4999,MDL,https://jysk.md/ro/product/scaun-gaming-abildaa-gri-antracit-54984,#888888,0.6,0.6,1,"gaming,industrial","gaming,office",jysk,https://jysk.md/frontend/web/uploads/product/УТ00109204/162010.jpg
chair-150,chair,Scaun gaming TYPE Z RAZER ed.™ LEGEND,4999,MDL,https://jysk.md/ro/product/scaun-gaming-type-z-razer-ed-legend-52486,#A0917A,0.6,0.6,1,"gaming,industrial","gaming,office",jysk,https://jysk.md/frontend/web/uploads/product/УТ00108800/245278.jpg
chair-151,chair,Scaun MALT nisipiu/negru,500,MDL,https://jysk.md/ro/product/scaun-malt-nisipiu-negru-381948,#2A2A2A,0.6,0.6,1,"minimalist,scandinavian",living,jysk,https://jysk.md/frontend/web/uploads/product/УТ00309070/236669.jpg
chair-152,chair,Scaun TOREBY negru,550,MDL,https://jysk.md/ro/product/scaun-toreby-negru-6154,#2A2A2A,0.6,0.6,1,"minimalist,scandinavian",living,jysk,https://jysk.md/frontend/web/uploads/product/УТ00064808/60852.jpg
chair-153,chair,Scaun EJBY alb,750,MDL,https://jysk.md/ro/product/scaun-ejby-alb-5943,#F5F0E8,0.6,0.6,1,"minimalist,scandinavian",living,jysk,https://jysk.md/frontend/web/uploads/product/УТ00061771/86461.jpg
chair-154,chair,Scaun BRANDE bej,550,MDL,https://jysk.md/ro/product/scaun-brande-bej-471578,#D4B896,0.6,0.6,1,"minimalist,scandinavian",living,jysk,https://jysk.md/frontend/web/uploads/product/УТ00389264/262640.jpg
chair-155,chair,Scaun JONSTRUP gri/stejar,650,MDL,https://jysk.md/ro/product/scaun-jonstrup-gri-stejar-5746,#8B6914,0.6,0.6,1,"minimalist,scandinavian",living,jysk,https://jysk.md/frontend/web/uploads/product/УТ000015546/257346.jpg
chair-156,chair,Scaun JONSTRUP galben curry/stejar înch.,650,MDL,https://jysk.md/ro/product/scaun-jonstrup-galben-curry-stejar-nch-381946,#F5F0E8,0.6,0.6,1,"minimalist,scandinavian",living,jysk,https://jysk.md/frontend/web/uploads/product/УТ00309068/257363.jpg
chair-157,chair,Scaun JONSTRUP asfalt/stejar,800,MDL,https://jysk.md/ro/product/scaun-jonstrup-asfalt-stejar-4959,#8B6914,0.6,0.6,1,"minimalist,scandinavian",living,jysk,https://jysk.md/frontend/web/uploads/product/УТ00091499/126851.jpg
chair-158,chair,Scaun JONSTRUP negru/stejar,800,MDL,https://jysk.md/ro/product/scaun-jonstrup-negru-stejar-54974,#2A2A2A,0.6,0.6,1,"minimalist,scandinavian",living,jysk,https://jysk.md/frontend/web/uploads/product/УТ00109202/257329.jpg
chair-159,chair,Scaun JONSTRUP coniac/stejar,800,MDL,https://jysk.md/ro/product/scaun-jonstrup-coniac-stejar-181704,#8B6914,0.6,0.6,1,"minimalist,scandinavian",living,jysk,https://jysk.md/frontend/web/uploads/product/УТ00062612/257338.jpg
chair-160,chair,Scaun JONSTRUP bej/stejar închis,800,MDL,https://jysk.md/ro/product/scaun-jonstrup-bej-stejar-nchis-360652,#8B6914,0.6,0.6,1,"minimalist,scandinavian",living,jysk,https://jysk.md/frontend/web/uploads/product/УТ00288941/257355.jpg
chair-161,chair,Scaun JONSTRUP imitație blană alb/stejar,800,MDL,https://jysk.md/ro/product/scaun-jonstrup-imita-ie-blan-alb-stejar-471582,#F5F0E8,0.6,0.6,1,"minimalist,scandinavian",living,jysk,https://jysk.md/frontend/web/uploads/product/УТ00389268/262694.jpg
chair-162,chair,Scaun JONSTRUP alb/stejar,800,MDL,https://jysk.md/ro/product/scaun-jonstrup-alb-stejar-472168,#F5F0E8,0.6,0.6,1,"minimalist,scandinavian",living,jysk,https://jysk.md/frontend/web/uploads/product/УТ00389496/262682 1.jpg
chair-163,chair,Scaun BISTRUP nisipiu/stejar,800,MDL,https://jysk.md/ro/product/scaun-bistrup-nisipiu-stejar-131285,#8B6914,0.6,0.6,1,"minimalist,scandinavian",living,jysk,https://jysk.md/frontend/web/uploads/product/УТ00167563/257437.jpg
chair-164,chair,Scaun EJSTRUP bej/oțel,800,MDL,https://jysk.md/ro/product/scaun-ejstrup-bej-o-el-264276,#D4B896,0.6,0.6,1,"minimalist,scandinavian",living,jysk,https://jysk.md/frontend/web/uploads/product/УТ00218091/257503.jpg
chair-165,chair,Scaun KASTRUP alb/stejar,800,MDL,https://jysk.md/ro/product/scaun-kastrup-alb-stejar-5672,#F5F0E8,0.6,0.6,1,"minimalist,scandinavian",living,jysk,https://jysk.md/frontend/web/uploads/product/N0000000384/257379.jpg
chair-166,chair,Scaun KASTRUP nisipiu/stejar,900,MDL,https://jysk.md/ro/product/scaun-kastrup-nisipiu-stejar-381947,#8B6914,0.6,0.6,1,"minimalist,scandinavian",living,jysk,https://jysk.md/frontend/web/uploads/product/УТ00309069/236622.jpg
chair-167,chair,Scaun KLARUP negru,800,MDL,https://jysk.md/ro/product/scaun-klarup-negru-5381,#2A2A2A,0.6,0.6,1,"minimalist,scandinavian",living,jysk,https://jysk.md/frontend/web/uploads/product/88863629377/50511.jpg
chair-168,chair,Scaun ASAA negru,800,MDL,https://jysk.md/ro/product/scaun-asaa-negru-68277,#2A2A2A,0.6,0.6,1,"minimalist,scandinavian",living,jysk,https://jysk.md/frontend/web/uploads/product/УТ00119435/126821.jpg
chair-169,chair,Scaun JEGIND natur/alb,850,MDL,https://jysk.md/ro/product/scaun-jegind-natur-alb-5830,#F5F0E8,0.6,0.6,1,"minimalist,scandinavian",living,jysk,https://jysk.md/frontend/web/uploads/product/УТ000016220/257255.jpg
chair-170,chair,Scaun KOKKEDAL catifea gri/negru,900,MDL,https://jysk.md/ro/product/scaun-kokkedal-catifea-gri-negru-5178,#2A2A2A,0.6,0.6,1,"minimalist,scandinavian",living,jysk,https://jysk.md/frontend/web/uploads/product/УТ00092854/246058.jpg
chair-171,chair,Scaun KOKKEDAL gri/stejar,900,MDL,https://jysk.md/ro/product/scaun-kokkedal-gri-stejar-6860,#8B6914,0.6,0.6,1,"minimalist,scandinavian",living,jysk,https://jysk.md/frontend/web/uploads/product/УТ00072613/257304.jpg
chair-172,chair,Scaun THORUP bej/stejar,1100,MDL,https://jysk.md/ro/product/scaun-thorup-bej-stejar-381951,#8B6914,0.6,0.6,1,"minimalist,scandinavian",living,jysk,https://jysk.md/frontend/web/uploads/product/УТ00309073/236652.jpg
chair-173,chair,Scaun EJSING bej/stejar natur,1150,MDL,https://jysk.md/ro/product/scaun-ejsing-bej-stejar-natur-471579,#8B6914,0.6,0.6,1,"minimalist,scandinavian",living,jysk,https://jysk.md/frontend/web/uploads/product/УТ00389265/262646.jpg
chair-174,chair,Scaun GEVNINGE maro/negru,1150,MDL,https://jysk.md/ro/product/scaun-gevninge-maro-negru-381944,#2A2A2A,0.6,0.6,1,"minimalist,scandinavian",living,jysk,https://jysk.md/frontend/web/uploads/product/УТ00309066/259383.jpg
chair-175,chair,Scaun VELLEV nisipiu/negru,1000,MDL,https://jysk.md/ro/product/scaun-vellev-nisipiu-negru-264597,#2A2A2A,0.6,0.6,1,"minimalist,scandinavian",living,jysk,https://jysk.md/frontend/web/uploads/product/УТ00218296/259191.jpg
chair-176,chair,Scaun HAMMEL bej/crom,1150,MDL,https://jysk.md/ro/product/scaun-hammel-bej-crom-428650,#D4B896,0.6,0.6,1,"minimalist,scandinavian",living,jysk,https://jysk.md/frontend/web/uploads/product/УТ00352414/262658.jpg
chair-177,chair,Scaun MELBY maro/negru,1250,MDL,https://jysk.md/ro/product/scaun-melby-maro-negru-472169,#2A2A2A,0.6,0.6,1,"minimalist,scandinavian",living,jysk,https://jysk.md/frontend/web/uploads/product/УТ00389855/270929 1.jpg
chair-178,chair,Scaun RISSKOV catifea verde închis/negru,1150,MDL,https://jysk.md/ro/product/scaun-risskov-catifea-verde-nchis-negru-9009,#2A2A2A,0.6,0.6,1,"minimalist,scandinavian",living,jysk,https://jysk.md/frontend/web/uploads/product/УТ00094781/257420.jpg
chair-179,chair,Scaun RISSKOV gri deschis/negru,1150,MDL,https://jysk.md/ro/product/scaun-risskov-gri-deschis-negru-54975,#2A2A2A,0.6,0.6,1,"minimalist,scandinavian",living,jysk,https://jysk.md/frontend/web/uploads/product/УТ00109203/257412.jpg
chair-180,chair,Scaun RISSKOV maro/negru,1150,MDL,https://jysk.md/ro/product/scaun-risskov-maro-negru-381950,#2A2A2A,0.6,0.6,1,"minimalist,scandinavian",living,jysk,https://jysk.md/frontend/web/uploads/product/УТ00309072/236734.jpg
chair-181,chair,Scaun PEBRINGE gri/negru,1350,MDL,https://jysk.md/ro/product/scaun-pebringe-gri-negru-233679,#2A2A2A,0.6,0.6,1,"minimalist,scandinavian",living,jysk,https://jysk.md/frontend/web/uploads/product/УТ00210011/257215.jpg
chair-182,chair,Scaun PEBRINGE maro,1350,MDL,https://jysk.md/ro/product/scaun-pebringe-maro-428651,#6B4423,0.6,0.6,1,"minimalist,scandinavian",living,jysk,https://jysk.md/frontend/web/uploads/product/УТ00352415/257223.jpg
chair-183,chair,Scaun PEBRINGE catifea gri/stejar,1350,MDL,https://jysk.md/ro/product/scaun-pebringe-catifea-gri-stejar-52312,#8B6914,0.6,0.6,1,"minimalist,scandinavian",living,jysk,https://jysk.md/frontend/web/uploads/product/УТ00108666/257207.jpg
chair-184,chair,Scaun PURHUS gri/negru,1150,MDL,https://jysk.md/ro/product/scaun-purhus-gri-negru-131287,#2A2A2A,0.6,0.6,1,"minimalist,scandinavian",living,jysk,https://jysk.md/frontend/web/uploads/product/УТ00167565/257495.jpg
chair-185,chair,Scaun PURHUS crem/negru,1150,MDL,https://jysk.md/ro/product/scaun-purhus-crem-negru-381949,#F5F0E8,0.6,0.6,1,"minimalist,scandinavian",living,jysk,https://jysk.md/frontend/web/uploads/product/УТ00309071/236726.jpg
chair-186,chair,Scaun ADSLEV gri/stejar,1250,MDL,https://jysk.md/ro/product/scaun-adslev-gri-stejar-4972,#8B6914,0.6,0.6,1,"minimalist,scandinavian",living,jysk,https://jysk.md/frontend/web/uploads/product/УТ00091518/257231.jpg
chair-187,chair,Scaun ADSLEV bej/stejar,1250,MDL,https://jysk.md/ro/product/scaun-adslev-bej-stejar-110044,#8B6914,0.6,0.6,1,"minimalist,scandinavian",living,jysk,https://jysk.md/frontend/web/uploads/product/УТ00153343/257239.jpg
chair-188,chair,Scaun ADSLEV măsliniu/stejar,1250,MDL,https://jysk.md/ro/product/scaun-adslev-m-sliniu-stejar-360653,#8B6914,0.6,0.6,1,"minimalist,scandinavian",living,jysk,https://jysk.md/frontend/web/uploads/product/УТ00288942/259387.jpg
chair-189,chair,Scaun ADSLEV antracit,1250,MDL,https://jysk.md/ro/product/scaun-adslev-antracit-360654,#888888,0.6,0.6,1,"minimalist,scandinavian",living,jysk,https://jysk.md/frontend/web/uploads/product/УТ00288943/259105.jpg
chair-190,chair,Scaun ESPE măsliniu/negru,1400,MDL,https://jysk.md/ro/product/scaun-espe-m-sliniu-negru-381942,#2A2A2A,0.6,0.6,1,"minimalist,scandinavian",living,jysk,https://jysk.md/frontend/web/uploads/product/УТ00309064/236684.jpg
chair-191,chair,Scaun GJESING bej/negru,1500,MDL,https://jysk.md/ro/product/scaun-gjesing-bej-negru-471580,#2A2A2A,0.6,0.6,1,"minimalist,scandinavian",living,jysk,https://jysk.md/frontend/web/uploads/product/УТ00389266/262610.jpg
chair-192,chair,Scaun HYGUM gri/negru,1350,MDL,https://jysk.md/ro/product/scaun-hygum-gri-negru-131288,#2A2A2A,0.6,0.6,1,"minimalist,scandinavian",living,jysk,https://jysk.md/frontend/web/uploads/product/УТ00167566/257478.jpg
chair-193,chair,Scaun rotativ ROSTRUP nisipiu/negru,1400,MDL,https://jysk.md/ro/product/scaun-rotativ-rostrup-nisipiu-negru-329810,#2A2A2A,0.6,0.6,1,"minimalist,scandinavian",living,jysk,https://jysk.md/frontend/web/uploads/product/УТ00259757/236792.jpg
chair-194,chair,Scaun rotativ ROSTRUP bej,1400,MDL,https://jysk.md/ro/product/scaun-rotativ-rostrup-bej-471336,#D4B896,0.6,0.6,1,"minimalist,scandinavian",living,jysk,https://jysk.md/frontend/web/uploads/product/УТ00389028/262712.jpg
chair-195,chair,Scaun rotativ ROSTRUP negru,1400,MDL,https://jysk.md/ro/product/scaun-rotativ-rostrup-negru-471337,#2A2A2A,0.6,0.6,1,"minimalist,scandinavian",living,jysk,https://jysk.md/frontend/web/uploads/product/УТ00389029/262719.jpg
chair-196,chair,Scaun SABRO gri/negru,1500,MDL,https://jysk.md/ro/product/scaun-sabro-gri-negru-327912,#2A2A2A,0.6,0.6,1,"minimalist,scandinavian",living,jysk,https://jysk.md/frontend/web/uploads/product/УТ00257930/257535.jpg
chair-197,chair,Scaun SOTTRUP bej/negru,1500,MDL,https://jysk.md/ro/product/scaun-sottrup-bej-negru-472170,#2A2A2A,0.6,0.6,1,"minimalist,scandinavian",living,jysk,https://jysk.md/frontend/web/uploads/product/УТ00389856/262706 1.jpg
chair-198,chair,Scaun HVIDOVRE stejar/negru,1500,MDL,https://jysk.md/ro/product/scaun-hvidovre-stejar-negru-5170,#2A2A2A,0.6,0.6,1,"minimalist,scandinavian",living,jysk,https://jysk.md/frontend/web/uploads/product/УТ00092753/257279.jpg
chair-199,chair,Scaun HVIDOVRE stejar închis/negru,1500,MDL,https://jysk.md/ro/product/scaun-hvidovre-stejar-nchis-negru-329806,#2A2A2A,0.6,0.6,1,"minimalist,scandinavian",living,jysk,https://jysk.md/frontend/web/uploads/product/УТ00259753/257295.jpg
chair-200,chair,Scaun HVIDOVRE stejar deschis/gri,1500,MDL,https://jysk.md/ro/product/scaun-hvidovre-stejar-deschis-gri-329807,#8B6914,0.6,0.6,1,"minimalist,scandinavian",living,jysk,https://jysk.md/frontend/web/uploads/product/УТ00259754/257287.jpg
chair-201,chair,Scaun GUDERUP stejar/natur,2350,MDL,https://jysk.md/ro/product/scaun-guderup-stejar-natur-264505,#8B6914,0.6,0.6,1,"minimalist,scandinavian",living,jysk,https://jysk.md/frontend/web/uploads/product/УТ00218236/259336.jpg
chair-202,chair,Scaun GUDERUP stejar închis/natur,2350,MDL,https://jysk.md/ro/product/scaun-guderup-stejar-nchis-natur-471581,#8B6914,0.6,0.6,1,"minimalist,scandinavian",living,jysk,https://jysk.md/frontend/web/uploads/product/УТ00389267/262615.jpg
chair-203,chair,Scaun KLOSTER gri deschis/stejar,1850,MDL,https://jysk.md/ro/product/scaun-kloster-gri-deschis-stejar-327891,#8B6914,0.6,0.6,1,"minimalist,scandinavian",living,jysk,https://jysk.md/frontend/web/uploads/product/УТ00257909/185805.jpg
chair-204,chair,Scaun bar ARNUM bej/negru,1199,MDL,https://jysk.md/ro/product/scaun-bar-arnum-bej-negru-381954,#2A2A2A,0.6,0.6,1,"minimalist,industrial","living,office",jysk,https://jysk.md/frontend/web/uploads/product/УТ00309076/237082.jpg
chair-205,chair,Scaun bar JONSTRUP negru/stejar,1199,MDL,https://jysk.md/ro/product/scaun-bar-jonstrup-negru-stejar-5945,#2A2A2A,0.6,0.6,1,"minimalist,industrial","living,office",jysk,https://jysk.md/frontend/web/uploads/product/УТ00061776/261345.jpg
chair-206,chair,Scaun bar JONSTRUP alb/stejar,1199,MDL,https://jysk.md/ro/product/scaun-bar-jonstrup-alb-stejar-6474,#F5F0E8,0.6,0.6,1,"minimalist,industrial","living,office",jysk,https://jysk.md/frontend/web/uploads/product/УТ00072651/261354.jpg
chair-207,chair,Scaun bar BROAGER negru/crom,1399,MDL,https://jysk.md/ro/product/scaun-bar-broager-negru-crom-264301,#2A2A2A,0.6,0.6,1,"minimalist,industrial","living,office",jysk,https://jysk.md/frontend/web/uploads/product/УТ00218111/261338.jpg
chair-208,chair,Scaun bar GRINDSTED catifea gri/negru,1499,MDL,https://jysk.md/ro/product/scaun-bar-grindsted-catifea-gri-negru-4925,#2A2A2A,0.6,0.6,1,"minimalist,industrial","living,office",jysk,https://jysk.md/frontend/web/uploads/product/УТ00091458/126884.jpg
chair-209,chair,Scaun bar TAULOV gri/negru,1499,MDL,https://jysk.md/ro/product/scaun-bar-taulov-gri-negru-6435,#2A2A2A,0.6,0.6,1,"minimalist,industrial","living,office",jysk,https://jysk.md/frontend/web/uploads/product/УТ00072582/257543.jpg
chair-210,chair,Scaun bar TAULOV bej/crom,1499,MDL,https://jysk.md/ro/product/scaun-bar-taulov-bej-crom-428653,#D4B896,0.6,0.6,1,"minimalist,industrial","living,office",jysk,https://jysk.md/frontend/web/uploads/product/УТ00352417/262736.jpg
chair-211,chair,Scaun de bar PEBRINGE cu spătar gri,1999,MDL,https://jysk.md/ro/product/scaun-de-bar-pebringe-cu-sp-tar-gri-52273,#888888,0.6,0.6,1,"minimalist,industrial","living,office",jysk,https://jysk.md/frontend/web/uploads/product/УТ00108629/148798.jpg
chair-212,chair,Scaun bar PEBRINGE cu spătar maro,1999,MDL,https://jysk.md/ro/product/scaun-bar-pebringe-cu-sp-tar-maro-110046,#6B4423,0.6,0.6,1,"minimalist,industrial","living,office",jysk,https://jysk.md/frontend/web/uploads/product/УТ00153345/160126.jpg
chair-213,chair,Scaun bar ADSLEV bej/stejar,2299,MDL,https://jysk.md/ro/product/scaun-bar-adslev-bej-stejar-276457,#8B6914,0.6,0.6,1,"minimalist,industrial","living,office",jysk,https://jysk.md/frontend/web/uploads/product/УТ00226184/257559.jpg
chair-214,chair,Masă bar RODSKOV 50x120 stejar cald,2999,MDL,https://jysk.md/ro/product/mas-bar-rodskov-50x120-stejar-cald-554876,#8B6914,0.5,1.2,1,"minimalist,industrial","living,office",jysk,https://jysk.md/frontend/web/uploads/product/УТ00389179/262732.jpg
chair-215,chair,Masă bar SANDBY 71x128 stejar/negru,4000,MDL,https://jysk.md/ro/product/mas-bar-sandby-71x128-stejar-negru-131289,#2A2A2A,0.71,1.28,1,"minimalist,industrial","living,office",jysk,https://jysk.md/frontend/web/uploads/product/УТ00167567/261333.jpg
desk-216,desk,Birou ASTRUP 40x60 negru,450,MDL,https://jysk.md/ro/product/birou-astrup-40x60-negru-381911,#2A2A2A,0.4,0.6,0.75,"minimalist,industrial,gaming","office,gaming",jysk,https://jysk.md/frontend/web/uploads/product/УТ00309033/237619.jpg
desk-217,desk,Birou ASTRUP 60x120 negru,950,MDL,https://jysk.md/ro/product/birou-astrup-60x120-negru-381912,#2A2A2A,0.6,1.2,0.75,"minimalist,industrial,gaming","office,gaming",jysk,https://jysk.md/frontend/web/uploads/product/УТ00309034/237612.jpg
desk-218,desk,Birou KNABSTRUP 40x100 stejar natur,800,MDL,https://jysk.md/ro/product/birou-knabstrup-40x100-stejar-natur-554793,#8B6914,0.4,1,0.75,"minimalist,industrial,gaming","office,gaming",jysk,https://jysk.md/frontend/web/uploads/product/УТ00396711/263757.jpg
desk-219,desk,Birou KNABSTRUP 40x100 1 sertar alb,800,MDL,https://jysk.md/ro/product/birou-knabstrup-40x100-1-sertar-alb-554794,#F5F0E8,0.4,1,0.75,"minimalist,industrial,gaming","office,gaming",jysk,https://jysk.md/frontend/web/uploads/product/УТ00396712/263752.jpg
desk-220,desk,Birou VANDBORG 60x120 stejar/negru,1199,MDL,https://jysk.md/ro/product/birou-vandborg-60x120-stejar-negru-5884,#2A2A2A,0.6,1.2,0.75,"minimalist,industrial,gaming","office,gaming",jysk,https://jysk.md/frontend/web/uploads/product/УТ00060888/92357.jpg
desk-221,desk,Birou VANDBORG 60x120 stejar/bej,1199,MDL,https://jysk.md/ro/product/birou-vandborg-60x120-stejar-bej-471320,#8B6914,0.6,1.2,0.75,"minimalist,industrial,gaming","office,gaming",jysk,https://jysk.md/frontend/web/uploads/product/УТ00389012/263762.jpg
desk-222,desk,Birou ABBETVED 48x120 stejar/alb,1350,MDL,https://jysk.md/ro/product/birou-abbetved-48x120-stejar-alb-5841,#F5F0E8,0.48,1.2,0.75,"minimalist,industrial,gaming","office,gaming",jysk,https://jysk.md/frontend/web/uploads/product/УТ00060700/59332.jpg
desk-223,desk,Birou ABBETVED 48x120 stejar/negru,1350,MDL,https://jysk.md/ro/product/birou-abbetved-48x120-stejar-negru-5942,#2A2A2A,0.48,1.2,0.75,"minimalist,industrial,gaming","office,gaming",jysk,https://jysk.md/frontend/web/uploads/product/88863629795/262052.jpg
desk-224,desk,Birou gaming HALSTED 60x120 negru,1499,MDL,https://jysk.md/ro/product/birou-gaming-halsted-60x120-negru-11617,#2A2A2A,0.6,1.2,0.75,"minimalist,industrial,gaming","office,gaming",jysk,https://jysk.md/frontend/web/uploads/product/УТ00091528/126664.jpg
desk-225,desk,Birou TRAPPEDAL 48x95 stejar/negru,1599,MDL,https://jysk.md/ro/product/birou-trappedal-48x95-stejar-negru-4509,#2A2A2A,0.48,0.95,0.75,"minimalist,industrial,gaming","office,gaming",jysk,https://jysk.md/frontend/web/uploads/product/УТ00082391/150843.jpg
desk-226,desk,Birou TRAPPEDAL 48x95 stejar/alb,1599,MDL,https://jysk.md/ro/product/birou-trappedal-48x95-stejar-alb-52321,#F5F0E8,0.48,0.95,0.75,"minimalist,industrial,gaming","office,gaming",jysk,https://jysk.md/frontend/web/uploads/product/УТ00108674/161991.jpg
desk-227,desk,Birou BILLUND 54x120 alb/stejar,1650,MDL,https://jysk.md/ro/product/birou-billund-54x120-alb-stejar-4978,#F5F0E8,0.54,1.2,0.75,"minimalist,industrial,gaming","office,gaming",jysk,https://jysk.md/frontend/web/uploads/product/УТ00091526/126668.jpg
desk-228,desk,Birou BILLUND 54x120 beton/alb,1650,MDL,https://jysk.md/ro/product/birou-billund-54x120-beton-alb-6480,#F5F0E8,0.54,1.2,0.75,"minimalist,industrial,gaming","office,gaming",jysk,https://jysk.md/frontend/web/uploads/product/УТ00072665/98599.jpg
desk-229,desk,Birou LINDVED 48x120 2 sertare stejar,1500,MDL,https://jysk.md/ro/product/birou-lindved-48x120-2-sertare-stejar-329828,#8B6914,0.48,1.2,0.75,"minimalist,industrial,gaming","office,gaming",jysk,https://jysk.md/frontend/web/uploads/product/УТ00259775/237626.jpg
desk-230,desk,Birou LINDVED 48x120 2 sertare alb,1500,MDL,https://jysk.md/ro/product/birou-lindved-48x120-2-sertare-alb-381913,#F5F0E8,0.48,1.2,0.75,"minimalist,industrial,gaming","office,gaming",jysk,https://jysk.md/frontend/web/uploads/product/УТ00309035/237633.jpg
desk-231,desk,Birou LINDVED 48x120 2 sertare stejar închis,1500,MDL,https://jysk.md/ro/product/birou-lindved-48x120-2-sertare-stejar-nchis-471318,#8B6914,0.48,1.2,0.75,"minimalist,industrial,gaming","office,gaming",jysk,https://jysk.md/frontend/web/uploads/product/УТ00389010/263772.jpg
desk-232,desk,Birou STAUNING 60x120 negru,1999,MDL,https://jysk.md/ro/product/birou-stauning-60x120-negru-471516,#2A2A2A,0.6,1.2,0.75,"minimalist,industrial,gaming","office,gaming",jysk,https://jysk.md/frontend/web/uploads/product/УТ00389210/268321.jpg
desk-233,desk,Birou STAUNING 60x120 alb,1999,MDL,https://jysk.md/ro/product/birou-stauning-60x120-alb-471517,#F5F0E8,0.6,1.2,0.75,"minimalist,industrial,gaming","office,gaming",jysk,https://jysk.md/frontend/web/uploads/product/УТ00389211/268318 1.jpg
desk-234,desk,Birou STAUNING 80x160 alb,2499,MDL,https://jysk.md/ro/product/birou-stauning-80x160-alb-233759,#F5F0E8,0.8,1.6,0.75,"minimalist,industrial,gaming","office,gaming",jysk,https://jysk.md/frontend/web/uploads/product/УТ00210065/218367.jpg
desk-235,desk,Birou STAUNING 80x160 negru,2499,MDL,https://jysk.md/ro/product/birou-stauning-80x160-negru-264245,#2A2A2A,0.8,1.6,0.75,"minimalist,industrial,gaming","office,gaming",jysk,https://jysk.md/frontend/web/uploads/product/УТ00218075/218362.jpg
desk-236,desk,Birou TAMHOLT 50x100 alb/stejar,2299,MDL,https://jysk.md/ro/product/birou-tamholt-50x100-alb-stejar-6060,#F5F0E8,0.5,1,0.75,"minimalist,industrial,gaming","office,gaming",jysk,https://jysk.md/frontend/web/uploads/product/УТ00063507/72181.jpg
desk-237,desk,Birou MALLING 50x100 1 sertar alb,2499,MDL,https://jysk.md/ro/product/birou-malling-50x100-1-sertar-alb-471515,#F5F0E8,0.5,1,0.75,"minimalist,industrial,gaming","office,gaming",jysk,https://jysk.md/frontend/web/uploads/product/УТ00389209/263747 1.jpg
desk-238,desk,Birou EVETOFTE 60x125 stejar,2500,MDL,https://jysk.md/ro/product/birou-evetofte-60x125-stejar-5354,#8B6914,0.6,1.25,0.75,"minimalist,industrial,gaming","office,gaming",jysk,https://jysk.md/frontend/web/uploads/product/УТ000013801/72184.jpg
desk-239,desk,Birou gaming LINDHOLM cu LED negru,2999,MDL,https://jysk.md/ro/product/birou-gaming-lindholm-cu-led-negru-65425,#2A2A2A,1.2,0.6,0.75,"minimalist,industrial,gaming","office,gaming",jysk,https://jysk.md/frontend/web/uploads/product/УТ00117341/224001.jpg
desk-240,desk,Birou LIMFJORDEN 60x120 stejar,3000,MDL,https://jysk.md/ro/product/birou-limfjorden-60x120-stejar-264431,#8B6914,0.6,1.2,0.75,"minimalist,industrial,gaming","office,gaming",jysk,https://jysk.md/frontend/web/uploads/product/УТ00218202/256675 1.jpg
desk-241,desk,Birou LIMFJORDEN 60x120 4 sertare alb,3000,MDL,https://jysk.md/ro/product/birou-limfjorden-60x120-4-sertare-alb-264433,#F5F0E8,0.6,1.2,0.75,"minimalist,industrial,gaming","office,gaming",jysk,https://jysk.md/frontend/web/uploads/product/УТ00218203/256682 1.jpg
desk-242,desk,Birou LIMFJORDEN 60x120 4 sertare stejar cald,3000,MDL,https://jysk.md/ro/product/birou-limfjorden-60x120-4-sertare-stejar-cald-471317,#8B6914,0.6,1.2,0.75,"minimalist,industrial,gaming","office,gaming",jysk,https://jysk.md/frontend/web/uploads/product/УТ00389009/263742.jpg
desk-243,desk,Birou VORDINGBORG 60x120 bej,3299,MDL,https://jysk.md/ro/product/birou-vordingborg-60x120-bej-471518,#D4B896,0.6,1.2,0.75,"minimalist,industrial,gaming","office,gaming",jysk,https://jysk.md/frontend/web/uploads/product/УТ00389212/263767.jpg
desk-244,desk,Birou LINTRUP 60x140 2 sertare stejar sălbatic,3500,MDL,https://jysk.md/ro/product/birou-lintrup-60x140-2-sertare-stejar-s-lbatic-471319,#8B6914,0.6,1.4,0.75,"minimalist,industrial,gaming","office,gaming",jysk,https://jysk.md/frontend/web/uploads/product/УТ00389011/263737.jpg
desk-245,desk,Birou HAGE 60x130 stejar,2400,MDL,https://jysk.md/ro/product/birou-hage-60x130-stejar-264244,#8B6914,0.6,1.3,0.75,"minimalist,industrial,gaming","office,gaming",jysk,https://jysk.md/frontend/web/uploads/product/УТ00218074/148633.jpg
desk-246,desk,Birou LANGAGER 41-107x107-165 stejar deschis,3999,MDL,https://jysk.md/ro/product/birou-langager-41-107x107-165-stejar-deschis-71713,#8B6914,1.07,1.07,0.75,"minimalist,industrial,gaming","office,gaming",jysk,https://jysk.md/frontend/web/uploads/product/УТ00072666/101705.jpg
desk-247,desk,Birou SKOVLUNDE 60x120 stejar/negru,4299,MDL,https://jysk.md/ro/product/birou-skovlunde-60x120-stejar-negru-68233,#2A2A2A,0.6,1.2,0.75,"minimalist,industrial,gaming","office,gaming",jysk,https://jysk.md/frontend/web/uploads/product/УТ00119396/161985.jpg
wardrobe-248,wardrobe,Dulap KORUP 78x176 2 uși alb,1750,MDL,https://jysk.md/ro/product/dulap-korup-78x176-2-u-i-alb-466527,#F5F0E8,0.78,1.76,1.9,"minimalist,scandinavian",bedroom,jysk,https://jysk.md/frontend/web/uploads/product/УТ00384369/263230 1.jpg
wardrobe-249,wardrobe,Dulap FANDRUP 50x176 1 ușă stejar,2000,MDL,https://jysk.md/ro/product/dulap-fandrup-50x176-1-u-stejar-381862,#8B6914,0.5,1.76,1.9,"minimalist,scandinavian",bedroom,jysk,https://jysk.md/frontend/web/uploads/product/УТ00308984/236202.jpg
wardrobe-250,wardrobe,Dulap FANDRUP 50x176 alb,2000,MDL,https://jysk.md/ro/product/dulap-fandrup-50x176-alb-381863,#F5F0E8,0.5,1.76,1.9,"minimalist,scandinavian",bedroom,jysk,https://jysk.md/frontend/web/uploads/product/УТ00308985/236226.jpg
wardrobe-251,wardrobe,Dulap FANDRUP 97x176 2 uși 3 sertare stejar,3750,MDL,https://jysk.md/ro/product/dulap-fandrup-97x176-2-u-i-3-sertare-stejar-381866,#8B6914,0.97,1.76,1.9,"minimalist,scandinavian",bedroom,jysk,https://jysk.md/frontend/web/uploads/product/УТ00308988/236186.jpg
wardrobe-252,wardrobe,Dulap FANDRUP 97x176 2 uși 3 sertare alb,3750,MDL,https://jysk.md/ro/product/dulap-fandrup-97x176-2-u-i-3-sertare-alb-381867,#F5F0E8,0.97,1.76,1.9,"minimalist,scandinavian",bedroom,jysk,https://jysk.md/frontend/web/uploads/product/УТ00308989/236210.jpg
wardrobe-253,wardrobe,Dulap FANDRUP 145x176 3 uși 3 sertare alb,4250,MDL,https://jysk.md/ro/product/dulap-fandrup-145x176-3-u-i-3-sertare-alb-381860,#F5F0E8,1.45,1.76,1.9,"minimalist,scandinavian",bedroom,jysk,https://jysk.md/frontend/web/uploads/product/УТ00308982/236218.jpg
wardrobe-254,wardrobe,Dulap FANDRUP 145x176 3 uși 3 sertare stejar,4250,MDL,https://jysk.md/ro/product/dulap-fandrup-145x176-3-u-i-3-sertare-stejar-381861,#8B6914,1.45,1.76,1.9,"minimalist,scandinavian",bedroom,jysk,https://jysk.md/frontend/web/uploads/product/УТ00308983/236194.jpg
wardrobe-255,wardrobe,Dulap BILLUND 80x192 alb/beton,3250,MDL,https://jysk.md/ro/product/dulap-billund-80x192-alb-beton-6464,#F5F0E8,0.8,1.92,1.9,"minimalist,scandinavian",bedroom,jysk,https://jysk.md/frontend/web/uploads/product/УТ00072638/98864.jpg
wardrobe-256,wardrobe,Dulap BILLUND 80x192 alb/stejar,3250,MDL,https://jysk.md/ro/product/dulap-billund-80x192-alb-stejar-233772,#F5F0E8,0.8,1.92,1.9,"minimalist,scandinavian",bedroom,jysk,https://jysk.md/frontend/web/uploads/product/УТ00210071/185894.jpg
wardrobe-257,wardrobe,Dulap BILLUND 80x193 2 uși 2 sertare travertin/bej,3250,MDL,https://jysk.md/ro/product/dulap-billund-80x193-2-u-i-2-sertare-travertin-bej-465822,#D4B896,0.8,1.93,1.9,"minimalist,scandinavian",bedroom,jysk,https://jysk.md/frontend/web/uploads/product/УТ00383705/263200.jpg
wardrobe-258,wardrobe,Dulap BILLUND 119x193 alb/ciment,4500,MDL,https://jysk.md/ro/product/dulap-billund-119x193-alb-ciment-131303,#F5F0E8,1.19,1.93,1.9,"minimalist,scandinavian",bedroom,jysk,https://jysk.md/frontend/web/uploads/product/УТ00167580/185898.jpg
wardrobe-259,wardrobe,Dulap BILLUND 119x193 stejar/alb,4500,MDL,https://jysk.md/ro/product/dulap-billund-119x193-stejar-alb-131304,#F5F0E8,1.19,1.93,1.9,"minimalist,scandinavian",bedroom,jysk,https://jysk.md/frontend/web/uploads/product/УТ00167581/185902.jpg
wardrobe-260,wardrobe,Dulap BILLUND 119x193 4 uși 2 sertare travertin/bej,4500,MDL,https://jysk.md/ro/product/dulap-billund-119x193-4-u-i-2-sertare-travertin-bej-465820,#D4B896,1.19,1.93,1.9,"minimalist,scandinavian",bedroom,jysk,https://jysk.md/frontend/web/uploads/product/УТ00383704/263190.jpg
wardrobe-261,wardrobe,Dulap JENSLEV 96x176 stejar,3500,MDL,https://jysk.md/ro/product/dulap-jenslev-96x176-stejar-110122,#8B6914,0.96,1.76,1.9,"minimalist,scandinavian",bedroom,jysk,https://jysk.md/frontend/web/uploads/product/УТ00153327/185918.jpg
wardrobe-262,wardrobe,Dulap JENSLEV 96x176 2 uși 3 sertare alb,3500,MDL,https://jysk.md/ro/product/dulap-jenslev-96x176-2-u-i-3-sertare-alb-466517,#F5F0E8,0.96,1.76,1.9,"minimalist,scandinavian",bedroom,jysk,https://jysk.md/frontend/web/uploads/product/УТ00384359/263220.jpg
wardrobe-263,wardrobe,Dulap JENSLEV 145x176 stejar,4500,MDL,https://jysk.md/ro/product/dulap-jenslev-145x176-stejar-110121,#8B6914,1.45,1.76,1.9,"minimalist,scandinavian",bedroom,jysk,https://jysk.md/frontend/web/uploads/product/УТ00153326/185914.jpg
wardrobe-264,wardrobe,Dulap JENSLEV 144x176 3 uși 3 sertare alb,4500,MDL,https://jysk.md/ro/product/dulap-jenslev-144x176-3-u-i-3-sertare-alb-466518,#F5F0E8,1.44,1.76,1.9,"minimalist,scandinavian",bedroom,jysk,https://jysk.md/frontend/web/uploads/product/УТ00384360/263210.jpg
wardrobe-265,wardrobe,Dulap ELLESTED 144x200 stejar,4500,MDL,https://jysk.md/ro/product/dulap-ellested-144x200-stejar-6057,#8B6914,1.44,2,1.9,"minimalist,scandinavian",bedroom,jysk,https://jysk.md/frontend/web/uploads/product/УТ00063500/61615.jpg
wardrobe-266,wardrobe,Dulap ELLESTED 144x200 alb,4500,MDL,https://jysk.md/ro/product/dulap-ellested-144x200-alb-131305,#F5F0E8,1.44,2,1.9,"minimalist,scandinavian",bedroom,jysk,https://jysk.md/frontend/web/uploads/product/УТ00167582/38059.jpg
wardrobe-267,wardrobe,Dulap VIBY 101x200 2 uși stejar,3750,MDL,https://jysk.md/ro/product/dulap-viby-101x200-2-u-i-stejar-381870,#8B6914,1.01,2,1.9,"minimalist,scandinavian",bedroom,jysk,https://jysk.md/frontend/web/uploads/product/УТ00308992/236266.jpg
wardrobe-268,wardrobe,Dulap VIBY 101x200 2 uși alb,3750,MDL,https://jysk.md/ro/product/dulap-viby-101x200-2-u-i-alb-381871,#F5F0E8,1.01,2,1.9,"minimalist,scandinavian",bedroom,jysk,https://jysk.md/frontend/web/uploads/product/УТ00308993/236282.jpg
wardrobe-269,wardrobe,Dulap VIBY 150x200 3 uși stejar,4750,MDL,https://jysk.md/ro/product/dulap-viby-150x200-3-u-i-stejar-381872,#8B6914,1.5,2,1.9,"minimalist,scandinavian",bedroom,jysk,https://jysk.md/frontend/web/uploads/product/УТ00308994/236274.jpg
wardrobe-270,wardrobe,Dulap VIBY 150x200 3 uși alb,4750,MDL,https://jysk.md/ro/product/dulap-viby-150x200-3-u-i-alb-381873,#F5F0E8,1.5,2,1.9,"minimalist,scandinavian",bedroom,jysk,https://jysk.md/frontend/web/uploads/product/УТ00308995/236290.jpg
wardrobe-271,wardrobe,Dulap LINTRUP 109x220 stejar,5500,MDL,https://jysk.md/ro/product/dulap-lintrup-109x220-stejar-51965,#8B6914,1.09,2.2,1.9,"minimalist,scandinavian",bedroom,jysk,https://jysk.md/frontend/web/uploads/product/УТ00108405/162201.jpg
wardrobe-272,wardrobe,Dulap LINTRUP 157x220 stejar,7500,MDL,https://jysk.md/ro/product/dulap-lintrup-157x220-stejar-51963,#8B6914,1.57,2.2,1.9,"minimalist,scandinavian",bedroom,jysk,https://jysk.md/frontend/web/uploads/product/УТ00108403/162198.jpg
wardrobe-273,wardrobe,Dulap ODDER 120x201 cu oglindă stejar,5999,MDL,https://jysk.md/ro/product/dulap-odder-120x201-cu-oglind-stejar-381868,#8B6914,1.2,2.01,1.9,"minimalist,scandinavian",bedroom,jysk,https://jysk.md/frontend/web/uploads/product/УТ00308990/download.jpg
wardrobe-274,wardrobe,Dulap ODDER 120x201 cu oglindă alb,5999,MDL,https://jysk.md/ro/product/dulap-odder-120x201-cu-oglind-alb-381869,#F5F0E8,1.2,2.01,1.9,"minimalist,scandinavian",bedroom,jysk,https://jysk.md/frontend/web/uploads/product/УТ00308991/download.jpg
wardrobe-275,wardrobe,Dulap ODDER 179x201 3 uși cu oglindă,8499,MDL,https://jysk.md/ro/product/dulap-odder-179x201-3-u-i-cu-oglind-381864,#A0917A,1.79,2.01,1.9,"minimalist,scandinavian",bedroom,jysk,https://jysk.md/frontend/web/uploads/product/УТ00308986/236242.jpg
wardrobe-276,wardrobe,Dulap ODDER 179x201 3 uși glisante alb,8499,MDL,https://jysk.md/ro/product/dulap-odder-179x201-3-u-i-glisante-alb-381865,#F5F0E8,1.79,2.01,1.9,"minimalist,scandinavian",bedroom,jysk,https://jysk.md/frontend/web/uploads/product/УТ00308987/236258.jpg
wardrobe-277,wardrobe,Dulap LIMFJORDEN 120x200 stejar deschis,6000,MDL,https://jysk.md/ro/product/dulap-limfjorden-120x200-stejar-deschis-264452,#8B6914,1.2,2,1.9,"minimalist,scandinavian",bedroom,jysk,https://jysk.md/frontend/web/uploads/product/УТ00218207/222776.jpg
wardrobe-278,wardrobe,Dulap LIMFJORDEN 120x200 stejar,6000,MDL,https://jysk.md/ro/product/dulap-limfjorden-120x200-stejar-264454,#8B6914,1.2,2,1.9,"minimalist,scandinavian",bedroom,jysk,https://jysk.md/frontend/web/uploads/product/УТ00218208/213399.jpg
wardrobe-279,wardrobe,Dulap LIMFJORDEN 120x200 alb,6000,MDL,https://jysk.md/ro/product/dulap-limfjorden-120x200-alb-264455,#F5F0E8,1.2,2,1.9,"minimalist,scandinavian",bedroom,jysk,https://jysk.md/frontend/web/uploads/product/УТ00218209/213408.jpg
wardrobe-280,wardrobe,Dulap LIMFJORDEN 180x200 stejar deschis,7500,MDL,https://jysk.md/ro/product/dulap-limfjorden-180x200-stejar-deschis-264457,#8B6914,1.8,2,1.9,"minimalist,scandinavian",bedroom,jysk,https://jysk.md/frontend/web/uploads/product/УТ00218210/222773.jpg
wardrobe-281,wardrobe,Dulap LIMFJORDEN 180x200 stejar,7500,MDL,https://jysk.md/ro/product/dulap-limfjorden-180x200-stejar-264459,#8B6914,1.8,2,1.9,"minimalist,scandinavian",bedroom,jysk,https://jysk.md/frontend/web/uploads/product/УТ00218211/213405.jpg
wardrobe-282,wardrobe,Dulap LIMFJORDEN 180x200 alb,7500,MDL,https://jysk.md/ro/product/dulap-limfjorden-180x200-alb-264462,#F5F0E8,1.8,2,1.9,"minimalist,scandinavian",bedroom,jysk,https://jysk.md/frontend/web/uploads/product/УТ00218212/213411.jpg
wardrobe-283,wardrobe,Dulap RABERG 150x200 alb,6000,MDL,https://jysk.md/ro/product/dulap-raberg-150x200-alb-466523,#F5F0E8,1.5,2,1.9,"minimalist,scandinavian",bedroom,jysk,https://jysk.md/frontend/web/uploads/product/УТ00384365/263270.jpg
wardrobe-284,wardrobe,Dulap RABERG 150x200 cu oglindă stejar,7000,MDL,https://jysk.md/ro/product/dulap-raberg-150x200-cu-oglind-stejar-466521,#8B6914,1.5,2,1.9,"minimalist,scandinavian",bedroom,jysk,https://jysk.md/frontend/web/uploads/product/УТ00384363/263260.jpg
wardrobe-285,wardrobe,Dulap RABERG 150x200 cu oglindă alb,7000,MDL,https://jysk.md/ro/product/dulap-raberg-150x200-cu-oglind-alb-466522,#F5F0E8,1.5,2,1.9,"minimalist,scandinavian",bedroom,jysk,https://jysk.md/frontend/web/uploads/product/УТ00384364/263280.jpg
wardrobe-286,wardrobe,Dulap RABERG 200x200 alb,7500,MDL,https://jysk.md/ro/product/dulap-raberg-200x200-alb-466526,#F5F0E8,2,2,1.9,"minimalist,scandinavian",bedroom,jysk,https://jysk.md/frontend/web/uploads/product/УТ00384368/263300.jpg
wardrobe-287,wardrobe,Dulap RABERG 200x200 cu oglindă stejar,8000,MDL,https://jysk.md/ro/product/dulap-raberg-200x200-cu-oglind-stejar-466524,#8B6914,2,2,1.9,"minimalist,scandinavian",bedroom,jysk,https://jysk.md/frontend/web/uploads/product/УТ00384366/263290.jpg
wardrobe-288,wardrobe,Dulap RABERG 200x200 cu oglindă alb,8000,MDL,https://jysk.md/ro/product/dulap-raberg-200x200-cu-oglind-alb-466525,#F5F0E8,2,2,1.9,"minimalist,scandinavian",bedroom,jysk,https://jysk.md/frontend/web/uploads/product/УТ00384367/263310.jpg
wardrobe-289,wardrobe,Dulap ODENSE 120x210 3 uși 3 sertare stejar,6000,MDL,https://jysk.md/ro/product/dulap-odense-120x210-3-u-i-3-sertare-stejar-466519,#8B6914,1.2,2.1,1.9,"minimalist,scandinavian",bedroom,jysk,https://jysk.md/frontend/web/uploads/product/УТ00384361/263240.jpg
wardrobe-290,wardrobe,Dulap ODENSE 179x210 5 uși 3 sertare stejar,8000,MDL,https://jysk.md/ro/product/dulap-odense-179x210-5-u-i-3-sertare-stejar-466520,#8B6914,1.79,2.1,1.9,"minimalist,scandinavian",bedroom,jysk,https://jysk.md/frontend/web/uploads/product/УТ00384362/263250.jpg
wardrobe-291,wardrobe,Dulap VELLERUP 151x200 stejar deschis,6500,MDL,https://jysk.md/ro/product/dulap-vellerup-151x200-stejar-deschis-5981,#8B6914,1.51,2,1.9,"minimalist,scandinavian",bedroom,jysk,https://jysk.md/frontend/web/uploads/product/УТ00062309/261437.jpg
wardrobe-292,wardrobe,Dulap VELLERUP 151x200 alb,6500,MDL,https://jysk.md/ro/product/dulap-vellerup-151x200-alb-428626,#F5F0E8,1.51,2,1.9,"minimalist,scandinavian",bedroom,jysk,https://jysk.md/frontend/web/uploads/product/УТ00062463/36860.jpg
wardrobe-293,wardrobe,Dulap VELLERUP 200x200 stejar deschis,9000,MDL,https://jysk.md/ro/product/dulap-vellerup-200x200-stejar-deschis-394301,#8B6914,2,2,1.9,"minimalist,scandinavian",bedroom,jysk,https://jysk.md/frontend/web/uploads/product/УТ00062462/50179.jpg
wardrobe-294,wardrobe,Dulap VELLERUP 200x200 alb,9000,MDL,https://jysk.md/ro/product/dulap-vellerup-200x200-alb-428627,#F5F0E8,2,2,1.9,"minimalist,scandinavian",bedroom,jysk,https://jysk.md/frontend/web/uploads/product/УТ00063536/36863.jpg
wardrobe-295,wardrobe,VEDDE Dulap 90x197+ comodă 5 sertare,9999,MDL,https://jysk.md/ro/product/vedde-dulap-90x197-comod-5-sertare-465697,#A0917A,0.9,1.97,1.9,"minimalist,scandinavian",bedroom,jysk,https://jysk.md/frontend/web/uploads/product/УТ00383581/146100.jpg
wardrobe-296,wardrobe,Dulap VEDDE 167x197 oglindă stejar sălbatic,10999,MDL,https://jysk.md/ro/product/dulap-vedde-167x197-oglind-stejar-s-lbatic-5907,#8B6914,1.67,1.97,1.9,"minimalist,scandinavian",bedroom,jysk,https://jysk.md/frontend/web/uploads/product/УТ00060930/78452.jpg
wardrobe-297,wardrobe,Dulap MARKSKEL 162x210 alb/stejar,14999,MDL,https://jysk.md/ro/product/dulap-markskel-162x210-alb-stejar-6468,#F5F0E8,1.62,2.1,1.9,"minimalist,scandinavian",bedroom,jysk,https://jysk.md/frontend/web/uploads/product/УТ00072642/98879.jpg
wardrobe-298,wardrobe,Dulap MARKSKEL 212x210 alb/stejar,19999,MDL,https://jysk.md/ro/product/dulap-markskel-212x210-alb-stejar-6876,#F5F0E8,2.12,2.1,1.9,"minimalist,scandinavian",bedroom,jysk,https://jysk.md/frontend/web/uploads/product/УТ00072643/98876.jpg
shelf-299,shelf,Etajeră ASTRUP 4 rafturi neagră,500,MDL,https://jysk.md/ro/product/etajer-astrup-4-rafturi-neagr-381922,#A0917A,0.8,0.3,1.8,"minimalist,scandinavian,industrial","bedroom,living,office",jysk,https://jysk.md/frontend/web/uploads/product/УТ00309044/235588.jpg
shelf-300,shelf,Etajeră ASTRUP 6 rafturi neagră,750,MDL,https://jysk.md/ro/product/etajer-astrup-6-rafturi-neagr-381923,#A0917A,0.8,0.3,1.8,"minimalist,scandinavian,industrial","bedroom,living,office",jysk,https://jysk.md/frontend/web/uploads/product/УТ00309045/236838.jpg
shelf-301,shelf,Modul perete GEDSER 4 compartimente stejar cald,750,MDL,https://jysk.md/ro/product/modul-perete-gedser-4-compartimente-stejar-cald-471479,#8B6914,0.8,0.3,1.8,"minimalist,scandinavian,industrial","bedroom,living,office",jysk,https://jysk.md/frontend/web/uploads/product/УТ00389173/263568.jpg
shelf-302,shelf,Modul perete GEDSER 1 ușă stejar cald,900,MDL,https://jysk.md/ro/product/modul-perete-gedser-1-u-stejar-cald-471477,#8B6914,0.8,0.3,1.8,"minimalist,scandinavian,industrial","bedroom,living,office",jysk,https://jysk.md/frontend/web/uploads/product/УТ00389171/263573.jpg
shelf-303,shelf,Modul perete GEDSER 2 sertare stejar cald,950,MDL,https://jysk.md/ro/product/modul-perete-gedser-2-sertare-stejar-cald-471478,#8B6914,0.8,0.3,1.8,"minimalist,scandinavian,industrial","bedroom,living,office",jysk,https://jysk.md/frontend/web/uploads/product/УТ00389172/263582.jpg
shelf-304,shelf,Bibliotecă HORSENS 3 rafturi îngustă alb,750,MDL,https://jysk.md/ro/product/bibliotec-horsens-3-rafturi-ngust-alb-5915,#F5F0E8,0.8,0.3,1.8,"minimalist,scandinavian,industrial","bedroom,living,office",jysk,https://jysk.md/frontend/web/uploads/product/УТ00061698/3606824.jpg
shelf-305,shelf,Bibliotecă HORSENS 3 rafturi lată albă,950,MDL,https://jysk.md/ro/product/bibliotec-horsens-3-rafturi-lat-alb-6059,#F5F0E8,0.8,0.3,1.8,"minimalist,scandinavian,industrial","bedroom,living,office",jysk,https://jysk.md/frontend/web/uploads/product/УТ00063506/245737.jpg
shelf-306,shelf,Bibliotecă HORSENS 5 rafturi albă,1500,MDL,https://jysk.md/ro/product/bibliotec-horsens-5-rafturi-alb-5932,#F5F0E8,0.8,0.3,1.8,"minimalist,scandinavian,industrial","bedroom,living,office",jysk,https://jysk.md/frontend/web/uploads/product/УТ00061700/245739.jpg
shelf-307,shelf,Bibliotecă HORSENS 5 rafturi lată stejar,1500,MDL,https://jysk.md/ro/product/bibliotec-horsens-5-rafturi-lat-stejar-5950,#8B6914,0.8,0.3,1.8,"minimalist,scandinavian,industrial","bedroom,living,office",jysk,https://jysk.md/frontend/web/uploads/product/УТ00061786/245734.jpg
shelf-308,shelf,Etajeră BALLUM 3 rafturi bambus,900,MDL,https://jysk.md/ro/product/etajer-ballum-3-rafturi-bambus-105536,#A0917A,0.8,0.3,1.8,"minimalist,scandinavian,industrial","bedroom,living,office",jysk,https://jysk.md/frontend/web/uploads/product/УТ00147517/185230.jpg
shelf-309,shelf,Etajeră BALLUM 4 rafturi bambus,1100,MDL,https://jysk.md/ro/product/etajer-ballum-4-rafturi-bambus-105535,#A0917A,0.8,0.3,1.8,"minimalist,scandinavian,industrial","bedroom,living,office",jysk,https://jysk.md/frontend/web/uploads/product/УТ00147516/256920 1.jpg
shelf-310,shelf,Bibliotecă GISLINGE 5 rafturi albă,950,MDL,https://jysk.md/ro/product/bibliotec-gislinge-5-rafturi-alb-6010,#F5F0E8,0.8,0.3,1.8,"minimalist,scandinavian,industrial","bedroom,living,office",jysk,https://jysk.md/frontend/web/uploads/product/УТ00062395/59262.jpg
shelf-311,shelf,Dulăpior SKALS 4 compartimente stejar,950,MDL,https://jysk.md/ro/product/dul-pior-skals-4-compartimente-stejar-9021,#8B6914,0.8,0.3,1.8,"minimalist,scandinavian,industrial","bedroom,living,office",jysk,https://jysk.md/frontend/web/uploads/product/УТ00094790/245788.jpg
shelf-312,shelf,Dulăpior SKALS 4 compartimente alb,950,MDL,https://jysk.md/ro/product/dul-pior-skals-4-compartimente-alb-154038,#F5F0E8,0.8,0.3,1.8,"minimalist,scandinavian,industrial","bedroom,living,office",jysk,https://jysk.md/frontend/web/uploads/product/УТ00062588/256864 1.jpg
shelf-313,shelf,Dulăpior SKALS 2 usi stejar,1150,MDL,https://jysk.md/ro/product/dul-pior-skals-2-usi-stejar-9022,#8B6914,0.8,0.3,1.8,"minimalist,scandinavian,industrial","bedroom,living,office",jysk,https://jysk.md/frontend/web/uploads/product/УТ00094791/128044.jpg
shelf-314,shelf,Dulăpior SKALS 2 uși alb,1150,MDL,https://jysk.md/ro/product/dul-pior-skals-2-u-i-alb-131246,#F5F0E8,0.8,0.3,1.8,"minimalist,scandinavian,industrial","bedroom,living,office",jysk,https://jysk.md/frontend/web/uploads/product/УТ00167527/245780.jpg
shelf-315,shelf,Vitrină SKALS usi de sticlă stejar,1250,MDL,https://jysk.md/ro/product/vitrin-skals-usi-de-sticl-stejar-9023,#8B6914,0.8,0.3,1.8,"minimalist,scandinavian,industrial","bedroom,living,office",jysk,https://jysk.md/frontend/web/uploads/product/УТ00094792/128047.jpg
shelf-316,shelf,Vitrină SKALS uși sticlă albă,1250,MDL,https://jysk.md/ro/product/vitrin-skals-u-i-sticl-alb-131253,#F5F0E8,0.8,0.3,1.8,"minimalist,scandinavian,industrial","bedroom,living,office",jysk,https://jysk.md/frontend/web/uploads/product/УТ00167532/86268.jpg
shelf-317,shelf,Dulăpior 3 sertare SKALS alb,1650,MDL,https://jysk.md/ro/product/dul-pior-3-sertare-skals-alb-52112,#F5F0E8,0.8,0.3,1.8,"minimalist,scandinavian,industrial","bedroom,living,office",jysk,https://jysk.md/frontend/web/uploads/product/УТ00108522/245786.jpg
shelf-318,shelf,Etajeră BROBY 3 rafturi bambus/alb,750,MDL,https://jysk.md/ro/product/etajer-broby-3-rafturi-bambus-alb-6073,#F5F0E8,0.8,0.3,1.8,"minimalist,scandinavian,industrial","bedroom,living,office",jysk,https://jysk.md/frontend/web/uploads/product/УТ00063537/129173.jpg
shelf-319,shelf,Etajeră BROBY 5 raft. îngustă bambus/alb,900,MDL,https://jysk.md/ro/product/etajer-broby-5-raft-ngust-bambus-alb-6072,#F5F0E8,0.8,0.3,1.8,"minimalist,scandinavian,industrial","bedroom,living,office",jysk,https://jysk.md/frontend/web/uploads/product/УТ00063534/59256.jpg
shelf-320,shelf,Etajeră BROBY 5 rafturi lata bambus/alb,1250,MDL,https://jysk.md/ro/product/etajer-broby-5-rafturi-lata-bambus-alb-6074,#F5F0E8,0.8,0.3,1.8,"minimalist,scandinavian,industrial","bedroom,living,office",jysk,https://jysk.md/frontend/web/uploads/product/УТ00063538/245860.jpg
shelf-321,shelf,Etajeră HERNING 3 rafturi albă,1099,MDL,https://jysk.md/ro/product/etajer-herning-3-rafturi-alb-6417,#F5F0E8,0.8,0.3,1.8,"minimalist,scandinavian,industrial","bedroom,living,office",jysk,https://jysk.md/frontend/web/uploads/product/УТ00072467/98306.jpg
shelf-322,shelf,Etajeră HERNING 5 rafturi albă,1699,MDL,https://jysk.md/ro/product/etajer-herning-5-rafturi-alb-6459,#F5F0E8,0.8,0.3,1.8,"minimalist,scandinavian,industrial","bedroom,living,office",jysk,https://jysk.md/frontend/web/uploads/product/УТ00072623/98304.jpg
shelf-323,shelf,Etajeră VANDBORG 3 rafturi stejar/negru,1199,MDL,https://jysk.md/ro/product/etajer-vandborg-3-rafturi-stejar-negru-6430,#2A2A2A,0.8,0.3,1.8,"minimalist,scandinavian,industrial","bedroom,living,office",jysk,https://jysk.md/frontend/web/uploads/product/УТ00072470/99227.jpg
shelf-324,shelf,Etajeră VANDBORG 3 rafturi stejar închis/bej,1199,MDL,https://jysk.md/ro/product/etajer-vandborg-3-rafturi-stejar-nchis-bej-471327,#8B6914,0.8,0.3,1.8,"minimalist,scandinavian,industrial","bedroom,living,office",jysk,https://jysk.md/frontend/web/uploads/product/УТ00389019/263618.jpg
shelf-325,shelf,Etajeră VANDBORG 5 rafturi stejar/negru,1999,MDL,https://jysk.md/ro/product/etajer-vandborg-5-rafturi-stejar-negru-5890,#2A2A2A,0.8,0.3,1.8,"minimalist,scandinavian,industrial","bedroom,living,office",jysk,https://jysk.md/frontend/web/uploads/product/УТ00060896/245943.jpg
shelf-326,shelf,Etajeră VANDBORG 5 rafturi stejar/bej,1999,MDL,https://jysk.md/ro/product/etajer-vandborg-5-rafturi-stejar-bej-471328,#8B6914,0.8,0.3,1.8,"minimalist,scandinavian,industrial","bedroom,living,office",jysk,https://jysk.md/frontend/web/uploads/product/УТ00389020/263623.jpg
shelf-327,shelf,Bibliotecă MOSBJERG 6 rafturi stejar,1499,MDL,https://jysk.md/ro/product/bibliotec-mosbjerg-6-rafturi-stejar-381920,#8B6914,0.8,0.3,1.8,"minimalist,scandinavian,industrial","bedroom,living,office",jysk,https://jysk.md/frontend/web/uploads/product/УТ00309042/236785.jpg
shelf-328,shelf,Bibliotecă MOSBJERG 6 rafturi albă,1499,MDL,https://jysk.md/ro/product/bibliotec-mosbjerg-6-rafturi-alb-381921,#F5F0E8,0.8,0.3,1.8,"minimalist,scandinavian,industrial","bedroom,living,office",jysk,https://jysk.md/frontend/web/uploads/product/УТ00309043/236808.jpg
shelf-329,shelf,Bibliotecă MOSBJERG 10 rafturi stejar,1999,MDL,https://jysk.md/ro/product/bibliotec-mosbjerg-10-rafturi-stejar-264588,#8B6914,0.8,0.3,1.8,"minimalist,scandinavian,industrial","bedroom,living,office",jysk,https://jysk.md/frontend/web/uploads/product/УТ00218291/212210.jpg
shelf-330,shelf,Bibliotecă MOSBJERG 10 rafturi alb,1999,MDL,https://jysk.md/ro/product/bibliotec-mosbjerg-10-rafturi-alb-264590,#F5F0E8,0.8,0.3,1.8,"minimalist,scandinavian,industrial","bedroom,living,office",jysk,https://jysk.md/frontend/web/uploads/product/УТ00218292/256906 1.jpg
shelf-331,shelf,Bibliotecă HORSENS 5 rafturi stejar cald,1500,MDL,https://jysk.md/ro/product/bibliotec-horsens-5-rafturi-stejar-cald-471476,#8B6914,0.8,0.3,1.8,"minimalist,scandinavian,industrial","bedroom,living,office",jysk,https://jysk.md/frontend/web/uploads/product/УТ00389170/263598 1.jpg
shelf-332,shelf,Etajeră TRAPPEDAL 5 rafturi stejar/negru,1599,MDL,https://jysk.md/ro/product/etajer-trappedal-5-rafturi-stejar-negru-4552,#2A2A2A,0.8,0.3,1.8,"minimalist,scandinavian,industrial","bedroom,living,office",jysk,https://jysk.md/frontend/web/uploads/product/УТ00083034/150846.jpg
shelf-333,shelf,Etajeră TRAPPEDAL 7 rafturi stejar/negru,1999,MDL,https://jysk.md/ro/product/etajer-trappedal-7-rafturi-stejar-negru-4551,#2A2A2A,0.8,0.3,1.8,"minimalist,scandinavian,industrial","bedroom,living,office",jysk,https://jysk.md/frontend/web/uploads/product/УТ00083008/150845.jpg
shelf-334,shelf,Etajera ALMIND 3 rafturi 80x30x86cm alb,1350,MDL,https://jysk.md/ro/product/etajera-almind-3-rafturi-80x30x86cm-alb-52472,#F5F0E8,0.8,0.3,1.8,"minimalist,scandinavian,industrial","bedroom,living,office",jysk,https://jysk.md/frontend/web/uploads/product/УТ00108786/194274.jpg
shelf-335,shelf,Etajera ALMIND 6 rafturi 80x30x196 cm alb,2750,MDL,https://jysk.md/ro/product/etajera-almind-6-rafturi-80x30x196-cm-alb-52474,#F5F0E8,0.8,0.3,1.8,"minimalist,scandinavian,industrial","bedroom,living,office",jysk,https://jysk.md/frontend/web/uploads/product/УТ00108788/194276.jpg
shelf-336,shelf,Etajeră LINDVED 4 rafturi stejar,1799,MDL,https://jysk.md/ro/product/etajer-lindved-4-rafturi-stejar-381926,#8B6914,0.8,0.3,1.8,"minimalist,scandinavian,industrial","bedroom,living,office",jysk,https://jysk.md/frontend/web/uploads/product/УТ00309048/236845.jpg
shelf-337,shelf,Etajeră LINDVED 4 rafturi stejar închis,1799,MDL,https://jysk.md/ro/product/etajer-lindved-4-rafturi-stejar-nchis-471480,#8B6914,0.8,0.3,1.8,"minimalist,scandinavian,industrial","bedroom,living,office",jysk,https://jysk.md/frontend/web/uploads/product/УТ00389174/263588 1.jpg
shelf-338,shelf,Etajeră LINDVED 4 rafturi albă,1799,MDL,https://jysk.md/ro/product/etajer-lindved-4-rafturi-alb-471481,#F5F0E8,0.8,0.3,1.8,"minimalist,scandinavian,industrial","bedroom,living,office",jysk,https://jysk.md/frontend/web/uploads/product/УТ00389175/263608 1.jpg
shelf-339,shelf,Etajeră LINDVED 6 rafturi 2 uși stejar,2699,MDL,https://jysk.md/ro/product/etajer-lindved-6-rafturi-2-u-i-stejar-381927,#8B6914,0.8,0.3,1.8,"minimalist,scandinavian,industrial","bedroom,living,office",jysk,https://jysk.md/frontend/web/uploads/product/УТ00309049/236852.jpg
shelf-340,shelf,Etajeră LINDVED 6 rafturi stejar închis,2699,MDL,https://jysk.md/ro/product/etajer-lindved-6-rafturi-stejar-nchis-471482,#8B6914,0.8,0.3,1.8,"minimalist,scandinavian,industrial","bedroom,living,office",jysk,https://jysk.md/frontend/web/uploads/product/УТ00389176/263593.jpg
shelf-341,shelf,Etajeră LINDVED 6 rafturi 2 uși albă,2699,MDL,https://jysk.md/ro/product/etajer-lindved-6-rafturi-2-u-i-alb-471483,#F5F0E8,0.8,0.3,1.8,"minimalist,scandinavian,industrial","bedroom,living,office",jysk,https://jysk.md/frontend/web/uploads/product/УТ00389177/263613 1.jpg
shelf-342,shelf,Etajeră JANNERUP lată 3 rafturi stejar,1999,MDL,https://jysk.md/ro/product/etajer-jannerup-lat-3-rafturi-stejar-68340,#8B6914,0.8,0.3,1.8,"minimalist,scandinavian,industrial","bedroom,living,office",jysk,https://jysk.md/frontend/web/uploads/product/УТ00119494/200191.jpg
shelf-343,shelf,Etajeră JANNERUP lată 6 rafuri stejar,3999,MDL,https://jysk.md/ro/product/etajer-jannerup-lat-6-rafuri-stejar-68341,#8B6914,0.8,0.3,1.8,"minimalist,scandinavian,industrial","bedroom,living,office",jysk,https://jysk.md/frontend/web/uploads/product/УТ00119495/256878.jpg
shelf-344,shelf,Separator cameră GADEHUSE 10 rafturi stejar,1750,MDL,https://jysk.md/ro/product/separator-camer-gadehuse-10-rafturi-stejar-471325,#8B6914,0.8,0.3,1.8,"minimalist,scandinavian,industrial","bedroom,living,office",jysk,https://jysk.md/frontend/web/uploads/product/УТ00389017/263578.jpg
shelf-345,shelf,Etajeră LYNGERUP 4 rafturi stejar cald,2199,MDL,https://jysk.md/ro/product/etajer-lyngerup-4-rafturi-stejar-cald-471326,#8B6914,0.8,0.3,1.8,"minimalist,scandinavian,industrial","bedroom,living,office",jysk,https://jysk.md/frontend/web/uploads/product/УТ00389018/263603.jpg
shelf-346,shelf,Bibliotecă BILLUND 3 uși alb/beton,2500,MDL,https://jysk.md/ro/product/bibliotec-billund-3-u-i-alb-beton-4975,#F5F0E8,0.8,0.3,1.8,"minimalist,scandinavian,industrial","bedroom,living,office",jysk,https://jysk.md/frontend/web/uploads/product/УТ00091521/128016.jpg
shelf-347,shelf,Bibliotecă BILLUND 1 sertar 3 rafturi alb/beton,2500,MDL,https://jysk.md/ro/product/bibliotec-billund-1-sertar-3-rafturi-alb-beton-6469,#F5F0E8,0.8,0.3,1.8,"minimalist,scandinavian,industrial","bedroom,living,office",jysk,https://jysk.md/frontend/web/uploads/product/УТ00072644/98296.jpg
shelf-348,shelf,Bibliotecă MARKSKEL 5 rafturi alb/stejar,4999,MDL,https://jysk.md/ro/product/bibliotec-markskel-5-rafturi-alb-stejar-131251,#F5F0E8,0.8,0.3,1.8,"minimalist,scandinavian,industrial","bedroom,living,office",jysk,https://jysk.md/frontend/web/uploads/product/УТ00167529/185221.jpg
nightstand-349,nightstand,Noptieră TAPDRUP 1 sertar alb,600,MDL,https://jysk.md/ro/product/noptier-tapdrup-1-sertar-alb-5400,#F5F0E8,0.5,0.4,0.55,"minimalist,scandinavian",bedroom,jysk,https://jysk.md/frontend/web/uploads/product/УТ000013983/38871.jpg
nightstand-350,nightstand,Noptieră TAPDRUP 1 sertar stejar deschis,600,MDL,https://jysk.md/ro/product/noptier-tapdrup-1-sertar-stejar-deschis-5749,#8B6914,0.5,0.4,0.55,"minimalist,scandinavian",bedroom,jysk,https://jysk.md/frontend/web/uploads/product/УТ000015552/257624.jpg
nightstand-351,nightstand,Noptieră JENSLEV 1 sertar stejar,750,MDL,https://jysk.md/ro/product/noptier-jenslev-1-sertar-stejar-52380,#8B6914,0.5,0.4,0.55,"minimalist,scandinavian",bedroom,jysk,https://jysk.md/frontend/web/uploads/product/УТ00108721/161854.jpg
nightstand-352,nightstand,Noptieră JENSLEV 1 sertar alb,750,MDL,https://jysk.md/ro/product/noptier-jenslev-1-sertar-alb-471308,#F5F0E8,0.5,0.4,0.55,"minimalist,scandinavian",bedroom,jysk,https://jysk.md/frontend/web/uploads/product/УТ00389000/262210.jpg
nightstand-353,nightstand,Noptieră NORDBY 1 sertar albă,750,MDL,https://jysk.md/ro/product/noptier-nordby-1-sertar-alb-6592,#F5F0E8,0.5,0.4,0.55,"minimalist,scandinavian",bedroom,jysk,https://jysk.md/frontend/web/uploads/product/УТ00073650/86315.jpg
nightstand-354,nightstand,Noptieră BROBY 1 sertar bambus/alb,999,MDL,https://jysk.md/ro/product/noptier-broby-1-sertar-bambus-alb-5756,#F5F0E8,0.5,0.4,0.55,"minimalist,scandinavian",bedroom,jysk,https://jysk.md/frontend/web/uploads/product/УТ000015607/59693.jpg
nightstand-355,nightstand,Noptieră HEMDRUP 1 sertar stejar/negru,999,MDL,https://jysk.md/ro/product/noptier-hemdrup-1-sertar-stejar-negru-264278,#2A2A2A,0.5,0.4,0.55,"minimalist,scandinavian",bedroom,jysk,https://jysk.md/frontend/web/uploads/product/УТ00218093/212221.jpg
nightstand-356,nightstand,Noptieră SKAVE 1 ușă bej,999,MDL,https://jysk.md/ro/product/noptier-skave-1-u-bej-471429,#D4B896,0.5,0.4,0.55,"minimalist,scandinavian",bedroom,jysk,https://jysk.md/frontend/web/uploads/product/УТ00389123/262216 1.jpg
nightstand-357,nightstand,Noptieră EGEBY 1 sertar albă,1199,MDL,https://jysk.md/ro/product/noptier-egeby-1-sertar-alb-5912,#F5F0E8,0.5,0.4,0.55,"minimalist,scandinavian",bedroom,jysk,https://jysk.md/frontend/web/uploads/product/УТ00085058/59725.jpg
nightstand-358,nightstand,Noptieră LIMFJORDEN 2 sertare albe,1250,MDL,https://jysk.md/ro/product/noptier-limfjorden-2-sertare-albe-5399,#F5F0E8,0.5,0.4,0.55,"minimalist,scandinavian",bedroom,jysk,https://jysk.md/frontend/web/uploads/product/УТ000013982/38192.jpg
nightstand-359,nightstand,Noptieră LIMFJORDEN 2 sertare stejar deschis,1250,MDL,https://jysk.md/ro/product/noptier-limfjorden-2-sertare-stejar-deschis-5906,#8B6914,0.5,0.4,0.55,"minimalist,scandinavian",bedroom,jysk,https://jysk.md/frontend/web/uploads/product/УТ00060928/255955.jpg
nightstand-360,nightstand,Noptieră LIMFJORDEN 2 sertare stejar,1250,MDL,https://jysk.md/ro/product/noptier-limfjorden-2-sertare-stejar-381847,#8B6914,0.5,0.4,0.55,"minimalist,scandinavian",bedroom,jysk,https://jysk.md/frontend/web/uploads/product/УТ00308974/236390.jpg
nightstand-361,nightstand,Noptieră ODENSE 2 sertare stejar/negru,1000,MDL,https://jysk.md/ro/product/noptier-odense-2-sertare-stejar-negru-381849,#2A2A2A,0.5,0.4,0.55,"minimalist,scandinavian",bedroom,jysk,https://jysk.md/frontend/web/uploads/product/УТ00308976/248036.jpg
nightstand-362,nightstand,Noptieră VEDDE 1 sertar stejar sălbatic,1299,MDL,https://jysk.md/ro/product/noptier-vedde-1-sertar-stejar-s-lbatic-5748,#8B6914,0.5,0.4,0.55,"minimalist,scandinavian",bedroom,jysk,https://jysk.md/frontend/web/uploads/product/УТ000015550/70215.jpg
nightstand-363,nightstand,Noptieră LYNGVIG 2 uși tambur stejar,1999,MDL,https://jysk.md/ro/product/noptier-lyngvig-2-u-i-tambur-stejar-381848,#8B6914,0.5,0.4,0.55,"minimalist,scandinavian",bedroom,jysk,https://jysk.md/frontend/web/uploads/product/УТ00308975/236371.jpg
nightstand-364,nightstand,Noptieră MARKSKEL 1 sertar alb/stejar,2299,MDL,https://jysk.md/ro/product/noptier-markskel-1-sertar-alb-stejar-6433,#F5F0E8,0.5,0.4,0.55,"minimalist,scandinavian",bedroom,jysk,https://jysk.md/frontend/web/uploads/product/УТ00072546/98348.jpg
table-365,table,Măsuță cafea RANDERUP Ø47 neagră,200,MDL,https://jysk.md/ro/product/m-su-cafea-randerup-47-neagr-4220,#A0917A,1,0.6,0.45,"minimalist,scandinavian,cozy",living,jysk,https://jysk.md/frontend/web/uploads/product/УТ00078091/98392.jpg
table-366,table,Măsuță cafea RANDERUP Ø47 crem,200,MDL,https://jysk.md/ro/product/m-su-cafea-randerup-47-crem-381906,#F5F0E8,1,0.6,0.45,"minimalist,scandinavian,cozy",living,jysk,https://jysk.md/frontend/web/uploads/product/УТ00309028/237560.jpg
table-367,table,Măsuță cafea RANDERUP Ø47 vișinie,200,MDL,https://jysk.md/ro/product/m-su-cafea-randerup-47-vi-inie-471498,#A0917A,1,0.6,0.45,"minimalist,scandinavian,cozy",living,jysk,https://jysk.md/frontend/web/uploads/product/УТ00389192/263845 1.jpg
table-368,table,Măsuță cafea RANDERUP Ø75 neagră,350,MDL,https://jysk.md/ro/product/m-su-cafea-randerup-75-neagr-4947,#A0917A,1,0.6,0.45,"minimalist,scandinavian,cozy",living,jysk,https://jysk.md/frontend/web/uploads/product/УТ00091486/156333.jpg
table-369,table,Măsuță cafea TAPS 40x40 alb/bambus,275,MDL,https://jysk.md/ro/product/m-su-cafea-taps-40x40-alb-bambus-5369,#F5F0E8,0.4,0.4,0.45,"minimalist,scandinavian,cozy",living,jysk,https://jysk.md/frontend/web/uploads/product/УТ000013878/59295.jpg
table-370,table,Măsuță cafea TAPS 55х55 alb/bambus,400,MDL,https://jysk.md/ro/product/m-su-cafea-taps-55h55-alb-bambus-5368,#F5F0E8,1,0.6,0.45,"minimalist,scandinavian,cozy",living,jysk,https://jysk.md/frontend/web/uploads/product/УТ000013877/59293.jpg
table-371,table,Măsuță cafea NYBO Ø40 stejar/negru,299,MDL,https://jysk.md/ro/product/m-su-cafea-nybo-40-stejar-negru-4221,#2A2A2A,1,0.6,0.45,"minimalist,scandinavian,cozy",living,jysk,https://jysk.md/frontend/web/uploads/product/УТ00078092/256521.jpg
table-372,table,Măsuță cafea NYBO Ø55 stejar/negru,499,MDL,https://jysk.md/ro/product/m-su-cafea-nybo-55-stejar-negru-6450,#2A2A2A,1,0.6,0.45,"minimalist,scandinavian,cozy",living,jysk,https://jysk.md/frontend/web/uploads/product/УТ00072603/98401.jpg
table-373,table,Măsuță cafea NYBO Ø70 stejar/negru,899,MDL,https://jysk.md/ro/product/m-su-cafea-nybo-70-stejar-negru-329836,#2A2A2A,1,0.6,0.45,"minimalist,scandinavian,cozy",living,jysk,https://jysk.md/frontend/web/uploads/product/УТ00259783/237554.jpg
table-374,table,Măsuță cafea BAKKEBJERG Ø40 alb/natur,350,MDL,https://jysk.md/ro/product/m-su-cafea-bakkebjerg-40-alb-natur-5937,#F5F0E8,1,0.6,0.45,"minimalist,scandinavian,cozy",living,jysk,https://jysk.md/frontend/web/uploads/product/УТ00061717/72292.jpg
table-375,table,Măsuță de cafea LUNDE Ø33 latte,500,MDL,https://jysk.md/ro/product/m-su-de-cafea-lunde-33-latte-428639,#A0917A,1,0.6,0.45,"minimalist,scandinavian,cozy",living,jysk,https://jysk.md/frontend/web/uploads/product/УТ00352403/249316.jpg
table-376,table,Măsuță cafea RAASTED Ø40 1 raft stejar auriu,549,MDL,https://jysk.md/ro/product/m-su-cafea-raasted-40-1-raft-stejar-auriu-428640,#8B6914,1,0.6,0.45,"minimalist,scandinavian,cozy",living,jysk,https://jysk.md/frontend/web/uploads/product/УТ00352404/263855.jpg
table-377,table,Măsuță cafea KILDEDAL 60x60 aspect travertin,599,MDL,https://jysk.md/ro/product/m-su-cafea-kildedal-60x60-aspect-travertin-381900,#A0917A,0.6,0.6,0.45,"minimalist,scandinavian,cozy",living,jysk,https://jysk.md/frontend/web/uploads/product/УТ00309022/237524.jpg
table-378,table,Măsuță cafea VILDBJERG 42x50 stejar cald,650,MDL,https://jysk.md/ro/product/m-su-cafea-vildbjerg-42x50-stejar-cald-471499,#8B6914,0.42,0.5,0.45,"minimalist,scandinavian,cozy",living,jysk,https://jysk.md/frontend/web/uploads/product/УТ00389193/263850 1.jpg
table-379,table,Set de mese MUNKEBO Ø55/Ø45 stejar,899,MDL,https://jysk.md/ro/product/set-de-mese-munkebo-55-45-stejar-381907,#8B6914,1,0.6,0.45,"minimalist,scandinavian,cozy",living,jysk,https://jysk.md/frontend/web/uploads/product/УТ00309029/237548.jpg
table-380,table,Măsuță cafea NIELSHAVE Ø55 aspect travertin,999,MDL,https://jysk.md/ro/product/m-su-cafea-nielshave-55-aspect-travertin-471497,#A0917A,1,0.6,0.45,"minimalist,scandinavian,cozy",living,jysk,https://jysk.md/frontend/web/uploads/product/УТ00389191/263835.jpg
table-381,table,Măsuță cafea NIELSHAVE Ø70 aspect travertin,1299,MDL,https://jysk.md/ro/product/m-su-cafea-nielshave-70-aspect-travertin-471494,#A0917A,1,0.6,0.45,"minimalist,scandinavian,cozy",living,jysk,https://jysk.md/frontend/web/uploads/product/УТ00389188/263825.jpg
table-382,table,Măsuță cafea TROSTERUD 50x100 aspect marmură,999,MDL,https://jysk.md/ro/product/m-su-cafea-trosterud-50x100-aspect-marmur-71223,#A0917A,0.5,1,0.45,"minimalist,scandinavian,cozy",living,jysk,https://jysk.md/frontend/web/uploads/product/УТ00094774/126551.jpg
table-383,table,Măsuță cafea AGERBY Ø60 sticlă/stejar,1299,MDL,https://jysk.md/ro/product/m-su-cafea-agerby-60-sticl-stejar-52480,#8B6914,1,0.6,0.45,"minimalist,scandinavian,cozy",living,jysk,https://jysk.md/frontend/web/uploads/product/УТ00108794/156334.jpg
table-384,table,Măsuță cafea AGERBY 60x100 sticlă/stejar,2299,MDL,https://jysk.md/ro/product/m-su-cafea-agerby-60x100-sticl-stejar-52481,#8B6914,0.6,1,0.45,"minimalist,scandinavian,cozy",living,jysk,https://jysk.md/frontend/web/uploads/product/УТ00108795/173421.jpg
table-385,table,Măsuță cafea LUNDEBORG 38x50 asp travertin,1299,MDL,https://jysk.md/ro/product/m-su-cafea-lundeborg-38x50-asp-travertin-471496,#A0917A,0.38,0.5,0.45,"minimalist,scandinavian,cozy",living,jysk,https://jysk.md/frontend/web/uploads/product/УТ00389190/263815.jpg
table-386,table,Măsuță cafea LUNDEBORG 68x85 aspect marmură,2199,MDL,https://jysk.md/ro/product/m-su-cafea-lundeborg-68x85-aspect-marmur-381901,#A0917A,0.68,0.85,0.45,"minimalist,scandinavian,cozy",living,jysk,https://jysk.md/frontend/web/uploads/product/УТ00309023/237530.jpg
table-387,table,Măsuță cafea SPODSBJERG Ø67 stej închis,1350,MDL,https://jysk.md/ro/product/m-su-cafea-spodsbjerg-67-stej-nchis-264396,#A0917A,1,0.6,0.45,"minimalist,scandinavian,cozy",living,jysk,https://jysk.md/frontend/web/uploads/product/УТ00218177/212302.jpg
table-388,table,Set de mese FALSLED  50/40 sticlă/stejar,800,MDL,https://jysk.md/ro/product/set-de-mese-falsled-50-40-sticl-stejar-6271,#8B6914,1,0.6,0.45,"minimalist,scandinavian,cozy",living,jysk,https://jysk.md/frontend/web/uploads/product/УТ00066881/74785.jpg
table-389,table,Măsuță cafea LEJRE 60x120 alb/stejar,1399,MDL,https://jysk.md/ro/product/m-su-cafea-lejre-60x120-alb-stejar-5744,#F5F0E8,0.6,1.2,0.45,"minimalist,scandinavian,cozy",living,jysk,https://jysk.md/frontend/web/uploads/product/УТ000015512/60587.jpg
table-390,table,Măsuță cafea LYNGVIG 45x45 1 raft stejar,1499,MDL,https://jysk.md/ro/product/m-su-cafea-lyngvig-45x45-1-raft-stejar-471316,#8B6914,0.45,0.45,0.45,"minimalist,scandinavian,cozy",living,jysk,https://jysk.md/frontend/web/uploads/product/УТ00389008/263830.jpg
table-391,table,Măsuță cafea LYNGVIG 60x110 stejar,3499,MDL,https://jysk.md/ro/product/m-su-cafea-lyngvig-60x110-stejar-381902,#8B6914,0.6,1.1,0.45,"minimalist,scandinavian,cozy",living,jysk,https://jysk.md/frontend/web/uploads/product/УТ00309024/237542.jpg
table-392,table,Măsuță cafea LYNGVIG 60x110 stejar închis,3499,MDL,https://jysk.md/ro/product/m-su-cafea-lyngvig-60x110-stejar-nchis-471493,#8B6914,0.6,1.1,0.45,"minimalist,scandinavian,cozy",living,jysk,https://jysk.md/frontend/web/uploads/product/УТ00389187/263803.jpg
table-393,table,Măsuță cafea TRAPPEDAL 50x100 stejar/negru,1499,MDL,https://jysk.md/ro/product/m-su-cafea-trappedal-50x100-stejar-negru-4957,#2A2A2A,0.5,1,0.45,"minimalist,scandinavian,cozy",living,jysk,https://jysk.md/frontend/web/uploads/product/УТ00091494/156335.jpg
table-394,table,Măsuță cafea DOKKEDAL 75x115 aspect ciment,1699,MDL,https://jysk.md/ro/product/m-su-cafea-dokkedal-75x115-aspect-ciment-6594,#A0917A,0.75,1.15,0.45,"minimalist,scandinavian,cozy",living,jysk,https://jysk.md/frontend/web/uploads/product/УТ00073655/72318.jpg
table-395,table,Măsută de cafea JEGIND albă/stejar,1699,MDL,https://jysk.md/ro/product/m-sut-de-cafea-jegind-alb-stejar-52301,#F5F0E8,1,0.6,0.45,"minimalist,scandinavian,cozy",living,jysk,https://jysk.md/frontend/web/uploads/product/УТ00108657/161906.jpg
table-396,table,Măsuță cafea SNESLEV Ø70 stejar,1999,MDL,https://jysk.md/ro/product/m-su-cafea-sneslev-70-stejar-110019,#8B6914,1,0.6,0.45,"minimalist,scandinavian,cozy",living,jysk,https://jysk.md/frontend/web/uploads/product/УТ00153300/205003.jpg
table-397,table,Măsuță cafea VEDDE 60x110 stejar sălbatic,1999,MDL,https://jysk.md/ro/product/m-su-cafea-vedde-60x110-stejar-s-lbatic-6056,#8B6914,0.6,1.1,0.45,"minimalist,scandinavian,cozy",living,jysk,https://jysk.md/frontend/web/uploads/product/УТ00077094/72334.jpg
table-398,table,Măsuță cafea LYDUM Ø60 gri/bej,2250,MDL,https://jysk.md/ro/product/m-su-cafea-lydum-60-gri-bej-428638,#D4B896,1,0.6,0.45,"minimalist,scandinavian,cozy",living,jysk,https://jysk.md/frontend/web/uploads/product/УТ00352402/263820 1.jpg
table-399,table,Măsuță cafea AABENRAA 110 rabatabilă stejar,1750,MDL,https://jysk.md/ro/product/m-su-cafea-aabenraa-110-rabatabil-stejar-264400,#8B6914,1,0.6,0.45,"minimalist,scandinavian,cozy",living,jysk,https://jysk.md/frontend/web/uploads/product/УТ00218179/212320.jpg
table-400,table,Măsuță cafea MARKSKEL 60x110 alb/stejar,1750,MDL,https://jysk.md/ro/product/m-su-cafea-markskel-60x110-alb-stejar-6452,#F5F0E8,0.6,1.1,0.45,"minimalist,scandinavian,cozy",living,jysk,https://jysk.md/frontend/web/uploads/product/УТ00072609/106731.jpg
table-401,table,Măsuță cafea DAUGBJERG 120 blat rabatabil stejar auriu,2699,MDL,https://jysk.md/ro/product/m-su-cafea-daugbjerg-120-blat-rabatabil-stejar-auriu-471314,#8B6914,1,0.6,0.45,"minimalist,scandinavian,cozy",living,jysk,https://jysk.md/frontend/web/uploads/product/УТ00389006/263807.jpg
table-402,table,Măsuțe cafea ROLSTED 58x58/50x50 aspect travertin,1300,MDL,https://jysk.md/ro/product/m-su-e-cafea-rolsted-58x58-50x50-aspect-travertin-381903,#A0917A,0.58,0.58,0.45,"minimalist,scandinavian,cozy",living,jysk,https://jysk.md/frontend/web/uploads/product/УТ00309025/237566.jpg
table-403,table,Măsuță cafea HALSKOV 70x120 stejar,2999,MDL,https://jysk.md/ro/product/m-su-cafea-halskov-70x120-stejar-381899,#8B6914,0.7,1.2,0.45,"minimalist,scandinavian,cozy",living,jysk,https://jysk.md/frontend/web/uploads/product/УТ00309021/237518.jpg
table-404,table,Măsuță cafea HOVSLUND 60x110 natur,1650,MDL,https://jysk.md/ro/product/m-su-cafea-hovslund-60x110-natur-131273,#8B6914,0.6,1.1,0.45,"minimalist,scandinavian,cozy",living,jysk,https://jysk.md/frontend/web/uploads/product/УТ00167551/254315.jpg
table-405,table,Măsuță cafea RAVNSBJERG 90x90 stejar,2999,MDL,https://jysk.md/ro/product/m-su-cafea-ravnsbjerg-90x90-stejar-471495,#8B6914,0.9,0.9,0.45,"minimalist,scandinavian,cozy",living,jysk,https://jysk.md/frontend/web/uploads/product/УТ00389189/263840.jpg
table-406,table,Măsuță cafea VARDE 80/120 blat reglabil stejar auriu,3999,MDL,https://jysk.md/ro/product/m-su-cafea-varde-80-120-blat-reglabil-stejar-auriu-471315,#8B6914,1,0.6,0.45,"minimalist,scandinavian,cozy",living,jysk,https://jysk.md/frontend/web/uploads/product/УТ00389007/263860.jpg
lamp-407,lamp,Veioză EIVIN Ø15x25cm porțelan,175,MDL,https://jysk.md/ro/product/veioz-eivin-15x25cm-por-elan-378847,#A0917A,0.15,0.25,1.5,"minimalist,scandinavian,cozy","bedroom,living,office",jysk,https://jysk.md/frontend/web/uploads/product/УТ00306023/243684.jpg
lamp-408,lamp,Lustră ASMIND Ø8x13cm lemn,185,MDL,https://jysk.md/ro/product/lustr-asmind-8x13cm-lemn-378846,#A0917A,0.3,0.3,1.5,"minimalist,scandinavian,cozy","bedroom,living,office",jysk,https://jysk.md/frontend/web/uploads/product/УТ00306022/241934.jpg
lamp-409,lamp,Lampadar HANSSON 22x145cm negru,375,MDL,https://jysk.md/ro/product/lampadar-hansson-22x145cm-negru-5737,#2A2A2A,0.22,1.45,1.5,"minimalist,scandinavian,cozy","bedroom,living,office",jysk,https://jysk.md/frontend/web/uploads/product/УТ000015478/243689.jpg
lamp-410,lamp,Veioză HELMER 17x32cm natur,285,MDL,https://jysk.md/ro/product/veioz-helmer-17x32cm-natur-66342,#8B6914,0.17,0.32,1.5,"minimalist,scandinavian,cozy","bedroom,living,office",jysk,https://jysk.md/frontend/web/uploads/product/УТ00117900/243685.jpg
lamp-411,lamp,Veioză PATRIK 14x45cm neagră,375,MDL,https://jysk.md/ro/product/veioz-patrik-14x45cm-neagr-3958,#A0917A,0.14,0.45,1.5,"minimalist,scandinavian,cozy","bedroom,living,office",jysk,https://jysk.md/frontend/web/uploads/product/УТ00076560/243690.jpg
lamp-412,lamp,Veioză HANNIBAL Ø19x25cm bambus,400,MDL,https://jysk.md/ro/product/veioz-hannibal-19x25cm-bambus-470108,#A0917A,0.19,0.25,1.5,"minimalist,scandinavian,cozy","bedroom,living,office",jysk,https://jysk.md/frontend/web/uploads/product/УТ00387953/260600.jpg
lamp-413,lamp,Veioză HJARNE Ø16x18cm albastră,450,MDL,https://jysk.md/ro/product/veioz-hjarne-16x18cm-albastr-378844,#F5F0E8,0.16,0.18,1.5,"minimalist,scandinavian,cozy","bedroom,living,office",jysk,https://jysk.md/frontend/web/uploads/product/УТ00306020/243700.jpg
lamp-414,lamp,Lustră KRISTOF Ø35x23cm natur,325,MDL,https://jysk.md/ro/product/lustr-kristof-35x23cm-natur-99571,#8B6914,0.35,0.23,1.5,"minimalist,scandinavian,cozy","bedroom,living,office",jysk,https://jysk.md/frontend/web/uploads/product/УТ00143777/180821.jpg
lamp-415,lamp,Lampadar KRISTOF 145cm oțel periat,800,MDL,https://jysk.md/ro/product/lampadar-kristof-145cm-o-el-periat-51618,#A0917A,0.3,0.3,1.5,"minimalist,scandinavian,cozy","bedroom,living,office",jysk,https://jysk.md/frontend/web/uploads/product/УТ00108287/243693.jpg
lamp-416,lamp,Lustră HAAKON Ø35cm ratan,500,MDL,https://jysk.md/ro/product/lustr-haakon-35cm-ratan-378845,#A0917A,0.3,0.3,1.5,"minimalist,scandinavian,cozy","bedroom,living,office",jysk,https://jysk.md/frontend/web/uploads/product/УТ00306021/235535.jpg
lamp-417,lamp,Veioză MARKUS Ø25x35cm gri,475,MDL,https://jysk.md/ro/product/veioz-markus-25x35cm-gri-255372,#888888,0.25,0.35,1.5,"minimalist,scandinavian,cozy","bedroom,living,office",jysk,https://jysk.md/frontend/web/uploads/product/УТ00215014/243703.jpg
lamp-418,lamp,Veioză VIGGO Ø21x47cm gri,425,MDL,https://jysk.md/ro/product/veioz-viggo-21x47cm-gri-255374,#888888,0.21,0.47,1.5,"minimalist,scandinavian,cozy","bedroom,living,office",jysk,https://jysk.md/frontend/web/uploads/product/УТ00215015/243696.jpg
lamp-419,lamp,Veioză EDMUND Ø25x35cm gri,375,MDL,https://jysk.md/ro/product/veioz-edmund-25x35cm-gri-150598,#888888,0.25,0.35,1.5,"minimalist,scandinavian,cozy","bedroom,living,office",jysk,https://jysk.md/frontend/web/uploads/product/УТ00143778/243697.jpg
lamp-420,lamp,Lampadar KENT Ø30x140cm bej,650,MDL,https://jysk.md/ro/product/lampadar-kent-30x140cm-bej-470106,#D4B896,0.3,1.4,1.5,"minimalist,scandinavian,cozy","bedroom,living,office",jysk,https://jysk.md/frontend/web/uploads/product/УТ00387951/260588.jpg
lamp-421,lamp,Lampă SIGVARD 35x25cm bambus,550,MDL,https://jysk.md/ro/product/lamp-sigvard-35x25cm-bambus-4678,#A0917A,0.35,0.25,1.5,"minimalist,scandinavian,cozy","bedroom,living,office",jysk,https://jysk.md/frontend/web/uploads/product/УТ00083471/109920.jpg
lamp-422,lamp,Lampă de podea DANI 54cm natur,550,MDL,https://jysk.md/ro/product/lamp-de-podea-dani-54cm-natur-52865,#8B6914,0.3,0.3,1.5,"minimalist,scandinavian,cozy","bedroom,living,office",jysk,https://jysk.md/frontend/web/uploads/product/УТ00108853/243687.jpg
lamp-423,lamp,Lampă de podea HUGO 154cm neagră,500,MDL,https://jysk.md/ro/product/lamp-de-podea-hugo-154cm-neagr-4425,#A0917A,0.3,0.3,1.5,"minimalist,scandinavian,cozy","bedroom,living,office",jysk,https://jysk.md/frontend/web/uploads/product/УТ00082186/243688.jpg
lamp-424,lamp,Veioză JOACHIM Ø27x54cm alb/negru,750,MDL,https://jysk.md/ro/product/veioz-joachim-27x54cm-alb-negru-470107,#F5F0E8,0.27,0.54,1.5,"minimalist,scandinavian,cozy","bedroom,living,office",jysk,https://jysk.md/frontend/web/uploads/product/УТ00387952/260596.jpg
rug-425,rug,Covor BROKKURT 120x180 verde,250,MDL,https://jysk.md/ro/product/covor-brokkurt-120x180-verde-426292,#4A7A5A,1.2,1.8,0.02,"minimalist,scandinavian,cozy","bedroom,living",jysk,https://jysk.md/frontend/web/uploads/product/УТ00350397/243588.jpg
rug-426,rug,Covor BROKKURT 160x230 nisipiu închis/gri,450,MDL,https://jysk.md/ro/product/covor-brokkurt-160x230-nisipiu-nchis-gri-426293,#D4B896,1.6,2.3,0.02,"minimalist,scandinavian,cozy","bedroom,living",jysk,https://jysk.md/frontend/web/uploads/product/УТ00350398/244087.jpg
rug-427,rug,Covor GYLLENLAKK 140x200 natur,1299,MDL,https://jysk.md/ro/product/covor-gyllenlakk-140x200-natur-554761,#8B6914,1.4,2,0.02,"minimalist,scandinavian,cozy","bedroom,living",jysk,https://jysk.md/frontend/web/uploads/product/УТ00440514/271882.jpg
rug-428,rug,Covor GYLLENLAKK 160х230 natur,1799,MDL,https://jysk.md/ro/product/covor-gyllenlakk-160h230-natur-554762,#8B6914,1.4,2,0.02,"minimalist,scandinavian,cozy","bedroom,living",jysk,https://jysk.md/frontend/web/uploads/product/УТ00441732/271882.jpg
rug-429,rug,Covor MASKROS Ø160 gri/alb,1499,MDL,https://jysk.md/ro/product/covor-maskros-160-gri-alb-336107,#F5F0E8,1.4,2,0.02,"minimalist,scandinavian,cozy","bedroom,living",jysk,https://jysk.md/frontend/web/uploads/product/УТ00194064/193573.jpg
rug-430,rug,Covor STORRAPP 140x200 bej,1599,MDL,https://jysk.md/ro/product/covor-storrapp-140x200-bej-470095,#D4B896,1.4,2,0.02,"minimalist,scandinavian,cozy","bedroom,living",jysk,https://jysk.md/frontend/web/uploads/product/УТ00387942/261362.jpg
rug-431,rug,Covor STORRAPP 160x230 bej,2199,MDL,https://jysk.md/ro/product/covor-storrapp-160x230-bej-470097,#D4B896,1.6,2.3,0.02,"minimalist,scandinavian,cozy","bedroom,living",jysk,https://jysk.md/frontend/web/uploads/product/УТ00387943/261362.jpg
rug-432,rug,Covor BALSATRE 160x230 gri/alb,1799,MDL,https://jysk.md/ro/product/covor-balsatre-160x230-gri-alb-336106,#F5F0E8,1.6,2.3,0.02,"minimalist,scandinavian,cozy","bedroom,living",jysk,https://jysk.md/frontend/web/uploads/product/УТ00143833/85722.jpg
rug-433,rug,Covor SANDFIOL 160x230 crem,1799,MDL,https://jysk.md/ro/product/covor-sandfiol-160x230-crem-336108,#F5F0E8,1.6,2.3,0.02,"minimalist,scandinavian,cozy","bedroom,living",jysk,https://jysk.md/frontend/web/uploads/product/УТ00194068/194052.jpg
rug-434,rug,Covor ODON 135x190 crem,1499,MDL,https://jysk.md/ro/product/covor-odon-135x190-crem-167257,#F5F0E8,1.35,1.9,0.02,"minimalist,scandinavian,cozy","bedroom,living",jysk,https://jysk.md/frontend/web/uploads/product/УТ00194065/194050.jpg
rug-435,rug,Covor VILLEPLE 130x193 bej,1699,MDL,https://jysk.md/ro/product/covor-villeple-130x193-bej-167264,#D4B896,1.3,1.93,0.02,"minimalist,scandinavian,cozy","bedroom,living",jysk,https://jysk.md/frontend/web/uploads/product/УТ00194070/112135.jpg
rug-436,rug,Covor RYPESTARR 140x200 bej,1150,MDL,https://jysk.md/ro/product/covor-rypestarr-140x200-bej-378794,#D4B896,1.4,2,0.02,"minimalist,scandinavian,cozy","bedroom,living",jysk,https://jysk.md/frontend/web/uploads/product/УТ00305970/246219.jpg
rug-437,rug,Covor MOGOP 140x200 natur,1250,MDL,https://jysk.md/ro/product/covor-mogop-140x200-natur-430532,#8B6914,1.4,2,0.02,"minimalist,scandinavian,cozy","bedroom,living",jysk,https://jysk.md/frontend/web/uploads/product/УТ00354291/245124.jpg
rug-438,rug,Covor BIRK 140x200 gri,2299,MDL,https://jysk.md/ro/product/covor-birk-140x200-gri-6231,#888888,1.4,2,0.02,"minimalist,scandinavian,cozy","bedroom,living",jysk,https://jysk.md/frontend/web/uploads/product/УТ00065378/158830.jpg
rug-439,rug,Covor LUCERNE 140x200 bej,2499,MDL,https://jysk.md/ro/product/covor-lucerne-140x200-bej-329770,#D4B896,1.4,2,0.02,"minimalist,scandinavian,cozy","bedroom,living",jysk,https://jysk.md/frontend/web/uploads/product/УТ00259717/262162 1.jpg
rug-440,rug,Covor LUCERNE 140x200 gri,1100,MDL,https://jysk.md/ro/product/covor-lucerne-140x200-gri-428629,#888888,1.4,2,0.02,"minimalist,scandinavian,cozy","bedroom,living",jysk,https://jysk.md/frontend/web/uploads/product/УТ00352393/243647.jpg
rug-441,rug,Covor LINGON 140x200 nisipiu,550,MDL,https://jysk.md/ro/product/covor-lingon-140x200-nisipiu-554727,#D4B896,1.4,2,0.02,"minimalist,scandinavian,cozy","bedroom,living",jysk,https://jysk.md/frontend/web/uploads/product/УТ00440505/268981.jpg
rug-442,rug,Covor LINGON 140x200 natur,550,MDL,https://jysk.md/ro/product/covor-lingon-140x200-natur-554728,#8B6914,1.4,2,0.02,"minimalist,scandinavian,cozy","bedroom,living",jysk,https://jysk.md/frontend/web/uploads/product/УТ00440506/268985.jpg
rug-443,rug,Covor LINGON 160x230 nisipiu,750,MDL,https://jysk.md/ro/product/covor-lingon-160x230-nisipiu-554729,#D4B896,1.6,2.3,0.02,"minimalist,scandinavian,cozy","bedroom,living",jysk,https://jysk.md/frontend/web/uploads/product/УТ00440507/268981.jpg
rug-444,rug,Covor STORSIPPA Ø160 bej,849,MDL,https://jysk.md/ro/product/covor-storsippa-160-bej-430530,#D4B896,1.4,2,0.02,"minimalist,scandinavian,cozy","bedroom,living",jysk,https://jysk.md/frontend/web/uploads/product/УТ00354289/245264.jpg
rug-445,rug,Covor VILLEPLE 160x230 gri,1100,MDL,https://jysk.md/ro/product/covor-villeple-160x230-gri-4401,#888888,1.6,2.3,0.02,"minimalist,scandinavian,cozy","bedroom,living",jysk,https://jysk.md/frontend/web/uploads/product/УТ00082097/107159.jpg
rug-446,rug,Covor VILLEPLE 160x230 bej,2499,MDL,https://jysk.md/ro/product/covor-villeple-160x230-bej-255883,#D4B896,1.6,2.3,0.02,"minimalist,scandinavian,cozy","bedroom,living",jysk,https://jysk.md/frontend/web/uploads/product/УТ00215073/5803103.jpg
rug-447,rug,Covor TYSBAST 60x90 var.,100,MDL,https://jysk.md/ro/product/covor-tysbast-60x90-var-378796,#A0917A,0.6,0.9,0.02,"minimalist,scandinavian,cozy","bedroom,living",jysk,https://jysk.md/frontend/web/uploads/product/УТ00305972/243501.jpg
rug-448,rug,Covor HOSTA 65x140 dungi negru/bej,250,MDL,https://jysk.md/ro/product/covor-hosta-65x140-dungi-negru-bej-66395,#2A2A2A,0.65,1.4,0.02,"minimalist,scandinavian,cozy","bedroom,living",jysk,https://jysk.md/frontend/web/uploads/product/УТ00117952/176036.jpg
rug-449,rug,Covor REINROSE 65x140,300,MDL,https://jysk.md/ro/product/covor-reinrose-65x140-329773,#A0917A,0.65,1.4,0.02,"minimalist,scandinavian,cozy","bedroom,living",jysk,https://jysk.md/frontend/web/uploads/product/УТ00259720/220534.jpg
rug-450,rug,Covor FYR 80x200 gri/bej,325,MDL,https://jysk.md/ro/product/covor-fyr-80x200-gri-bej-329772,#D4B896,0.8,2,0.02,"minimalist,scandinavian,cozy","bedroom,living",jysk,https://jysk.md/frontend/web/uploads/product/УТ00259719/218419.jpg
rug-451,rug,Covor SANDELTRE 70x140 natural,375,MDL,https://jysk.md/ro/product/covor-sandeltre-70x140-natural-4431,#8B6914,0.7,1.4,0.02,"minimalist,scandinavian,cozy","bedroom,living",jysk,https://jysk.md/frontend/web/uploads/product/УТ00082191/6501500.jpg
rug-452,rug,Covor SANDELTRE 120 natural/gri,425,MDL,https://jysk.md/ro/product/covor-sandeltre-120-natural-gri-4858,#8B6914,1.4,2,0.02,"minimalist,scandinavian,cozy","bedroom,living",jysk,https://jysk.md/frontend/web/uploads/product/УТ00091323/124510.jpg
rug-453,rug,Covor TRETORN 70x140 crem,300,MDL,https://jysk.md/ro/product/covor-tretorn-70x140-crem-99624,#F5F0E8,0.7,1.4,0.02,"minimalist,scandinavian,cozy","bedroom,living",jysk,https://jysk.md/frontend/web/uploads/product/УТ00143830/182041.jpg
rug-454,rug,Covor BERGASTER 65x200 maro/bej,450,MDL,https://jysk.md/ro/product/covor-bergaster-65x200-maro-bej-378797,#D4B896,0.65,2,0.02,"minimalist,scandinavian,cozy","bedroom,living",jysk,https://jysk.md/frontend/web/uploads/product/УТ00305973/260605 1.jpg
rug-455,rug,Covor PENGEURT 70x160 alb/gri,450,MDL,https://jysk.md/ro/product/covor-pengeurt-70x160-alb-gri-167261,#F5F0E8,0.7,1.6,0.02,"minimalist,scandinavian,cozy","bedroom,living",jysk,https://jysk.md/frontend/web/uploads/product/УТ00194067/194236.jpg
rug-456,rug,Covor RINGBLOMMA 65x200 multicolor,450,MDL,https://jysk.md/ro/product/covor-ringblomma-65x200-multicolor-470088,#A0917A,0.65,2,0.02,"minimalist,scandinavian,cozy","bedroom,living",jysk,https://jysk.md/frontend/web/uploads/product/УТ00387935/261633 1.jpg
rug-457,rug,Covor ENGSYRE 70x140 natur/maro,549,MDL,https://jysk.md/ro/product/covor-engsyre-70x140-natur-maro-554732,#8B6914,0.7,1.4,0.02,"minimalist,scandinavian,cozy","bedroom,living",jysk,https://jysk.md/frontend/web/uploads/product/УТ00440510/269181.jpg
rug-458,rug,Covor HEISTARR 70x140 nisipiu,549,MDL,https://jysk.md/ro/product/covor-heistarr-70x140-nisipiu-554733,#D4B896,0.7,1.4,0.02,"minimalist,scandinavian,cozy","bedroom,living",jysk,https://jysk.md/frontend/web/uploads/product/УТ00440511/268250.jpg
rug-459,rug,Covor MAIGULL 65x160 gri,300,MDL,https://jysk.md/ro/product/covor-maigull-65x160-gri-430562,#888888,0.65,1.6,0.02,"minimalist,scandinavian,cozy","bedroom,living",jysk,https://jysk.md/frontend/web/uploads/product/mjnlhk87  j/249258.jpg
rug-460,rug,Covor AVENBOK 80x200 multicolor,699,MDL,https://jysk.md/ro/product/covor-avenbok-80x200-multicolor-470086,#A0917A,0.8,2,0.02,"minimalist,scandinavian,cozy","bedroom,living",jysk,https://jysk.md/frontend/web/uploads/product/УТ00387932/253589 1.jpg
rug-461,rug,Covor BUESTARR Ø120 natur/gri,699,MDL,https://jysk.md/ro/product/covor-buestarr-120-natur-gri-554731,#8B6914,1.4,2,0.02,"minimalist,scandinavian,cozy","bedroom,living",jysk,https://jysk.md/frontend/web/uploads/product/УТ00440509/267708.jpg
rug-462,rug,Covor FLATSIV 65x140 bej,699,MDL,https://jysk.md/ro/product/covor-flatsiv-65x140-bej-99625,#D4B896,0.65,1.4,0.02,"minimalist,scandinavian,cozy","bedroom,living",jysk,https://jysk.md/frontend/web/uploads/product/УТ00143831/6511744.jpg
rug-463,rug,Covor BAOBAB 90x150 natur/negru,600,MDL,https://jysk.md/ro/product/covor-baobab-90x150-natur-negru-470087,#2A2A2A,0.9,1.5,0.02,"minimalist,scandinavian,cozy","bedroom,living",jysk,https://jysk.md/frontend/web/uploads/product/УТ00387934/257165 1.jpg
rug-464,rug,Covor SANDFIOL 80x200 crem,899,MDL,https://jysk.md/ro/product/covor-sandfiol-80x200-crem-378798,#F5F0E8,0.8,2,0.02,"minimalist,scandinavian,cozy","bedroom,living",jysk,https://jysk.md/frontend/web/uploads/product/УТ00305974/233040.jpg
rug-465,rug,Covor MOGOP 80x200 natur,850,MDL,https://jysk.md/ro/product/covor-mogop-80x200-natur-430541,#8B6914,0.8,2,0.02,"minimalist,scandinavian,cozy","bedroom,living",jysk,https://jysk.md/frontend/web/uploads/product/УТ00354300/245128.jpg
plant-466,plant,Plantă artificială BERTRAM Ø8x18cm,60,MDL,https://jysk.md/ro/product/plant-artificial-bertram-8x18cm-329777,#A0917A,0.3,0.3,0.6,"minimalist,scandinavian,cozy","bedroom,living,office",jysk,https://jysk.md/frontend/web/uploads/product/УТ00259724/235689.jpg
plant-467,plant,Plantă artificială OLIVER pt. ghiveci suspendat,70,MDL,https://jysk.md/ro/product/plant-artificial-oliver-pt-ghiveci-suspendat-4080,#A0917A,0.3,0.3,0.6,"minimalist,scandinavian,cozy","bedroom,living,office",jysk,https://jysk.md/frontend/web/uploads/product/УТ00077250/235664.jpg
plant-468,plant,Plantă artificială BERGUR 21cm,55,MDL,https://jysk.md/ro/product/plant-artificial-bergur-21cm-378833,#A0917A,0.3,0.3,0.6,"minimalist,scandinavian,cozy","bedroom,living,office",jysk,https://jysk.md/frontend/web/uploads/product/УТ00306009/235693.jpg
plant-469,plant,Plantă artificială ASGAR 48cm verde,100,MDL,https://jysk.md/ro/product/plant-artificial-asgar-48cm-verde-99511,#4A7A5A,0.3,0.3,0.6,"minimalist,scandinavian,cozy","bedroom,living,office",jysk,https://jysk.md/frontend/web/uploads/product/УТ00143725/235634.jpg
plant-470,plant,Plantă artificială GUDJON 35cm orhidee,125,MDL,https://jysk.md/ro/product/plant-artificial-gudjon-35cm-orhidee-470049,#A0917A,0.3,0.3,0.6,"minimalist,scandinavian,cozy","bedroom,living,office",jysk,https://jysk.md/frontend/web/uploads/product/УТ00387893/259940.jpg
plant-471,plant,Plantă artificială CELIUS 39 cm verde,150,MDL,https://jysk.md/ro/product/plant-artificial-celius-39-cm-verde-554754,#4A7A5A,0.3,0.3,0.6,"minimalist,scandinavian,cozy","bedroom,living,office",jysk,https://jysk.md/frontend/web/uploads/product/УТ00438612/271657.jpg
plant-472,plant,Plantă artificială CELIUS 65cm aloe vera,400,MDL,https://jysk.md/ro/product/plant-artificial-celius-65cm-aloe-vera-66294,#A0917A,0.3,0.3,0.6,"minimalist,scandinavian,cozy","bedroom,living,office",jysk,https://jysk.md/frontend/web/uploads/product/УТ00117858/235627.jpg
plant-473,plant,Plantă artificială PAUL 33cm verde,150,MDL,https://jysk.md/ro/product/plant-artificial-paul-33cm-verde-554752,#4A7A5A,0.3,0.3,0.6,"minimalist,scandinavian,cozy","bedroom,living,office",jysk,https://jysk.md/frontend/web/uploads/product/УТ00438603/271750.jpg
plant-474,plant,Plantă artificială LARSSON Ø11x43 verde,75,MDL,https://jysk.md/ro/product/plant-artificial-larsson-11x43-verde-329352,#4A7A5A,0.11,0.43,0.6,"minimalist,scandinavian,cozy","bedroom,living,office",jysk,https://jysk.md/frontend/web/uploads/product/УТ00259331/235685.jpg
plant-475,plant,Plantă artificială STEINAR Ø25x30cm,80,MDL,https://jysk.md/ro/product/plant-artificial-steinar-25x30cm-6497,#A0917A,0.25,0.3,0.6,"minimalist,scandinavian,cozy","bedroom,living,office",jysk,https://jysk.md/frontend/web/uploads/product/УТ00072757/170000.jpg
plant-476,plant,Plantă artificială JOSTEIN 23cm verde,200,MDL,https://jysk.md/ro/product/plant-artificial-jostein-23cm-verde-470042,#4A7A5A,0.3,0.3,0.6,"minimalist,scandinavian,cozy","bedroom,living,office",jysk,https://jysk.md/frontend/web/uploads/product/УТ00387888/262593.jpg
plant-477,plant,Plantă artificială ANDERSEN cu ghiveci,200,MDL,https://jysk.md/ro/product/plant-artificial-andersen-cu-ghiveci-470045,#A0917A,0.3,0.3,0.6,"minimalist,scandinavian,cozy","bedroom,living,office",jysk,https://jysk.md/frontend/web/uploads/product/УТ00387890/259936.jpg
plant-478,plant,Plantă artificială GILLIAN Ø20x22cm,200,MDL,https://jysk.md/ro/product/plant-artificial-gillian-20x22cm-426261,#A0917A,0.2,0.22,0.6,"minimalist,scandinavian,cozy","bedroom,living,office",jysk,https://jysk.md/frontend/web/uploads/product/УТ00350366/249568.jpg
plant-479,plant,Plantă artificiala MATINUS 62cm cu flori,200,MDL,https://jysk.md/ro/product/plant-artificiala-matinus-62cm-cu-flori-251344,#A0917A,0.3,0.3,0.6,"minimalist,scandinavian,cozy","bedroom,living,office",jysk,https://jysk.md/frontend/web/uploads/product/УТ00214927/235679.jpg
plant-480,plant,Plantă artificială ROLF 55cm verde,200,MDL,https://jysk.md/ro/product/plant-artificial-rolf-55cm-verde-554753,#4A7A5A,0.3,0.3,0.6,"minimalist,scandinavian,cozy","bedroom,living,office",jysk,https://jysk.md/frontend/web/uploads/product/УТ00438611/271653.jpg
plant-481,plant,Plantă artificială FREIDIG Ø36x32cm ghiveci,150,MDL,https://jysk.md/ro/product/plant-artificial-freidig-36x32cm-ghiveci-378830,#A0917A,0.36,0.32,0.6,"minimalist,scandinavian,cozy","bedroom,living,office",jysk,https://jysk.md/frontend/web/uploads/product/УТ00306006/242153.jpg
plant-482,plant,Plantă artificială MARIUS Ø38x42cm,200,MDL,https://jysk.md/ro/product/plant-artificial-marius-38x42cm-163990,#A0917A,0.38,0.42,0.6,"minimalist,scandinavian,cozy","bedroom,living,office",jysk,https://jysk.md/frontend/web/uploads/product/УТ00191677/235649.jpg
plant-483,plant,Plantă artificială JAKOB 60x45x73cm,450,MDL,https://jysk.md/ro/product/plant-artificial-jakob-60x45x73cm-426260,#A0917A,0.6,0.45,0.6,"minimalist,scandinavian,cozy","bedroom,living,office",jysk,https://jysk.md/frontend/web/uploads/product/УТ00350365/249556.jpg
plant-484,plant,Plantă artificială TRISTAN 90cm,450,MDL,https://jysk.md/ro/product/plant-artificial-tristan-90cm-150600,#A0917A,0.3,0.3,0.6,"minimalist,scandinavian,cozy","bedroom,living,office",jysk,https://jysk.md/frontend/web/uploads/product/УТ00143727/235632.jpg
plant-485,plant,Plantă artificială ALAN Ø60x75cm verde,650,MDL,https://jysk.md/ro/product/plant-artificial-alan-60x75cm-verde-470051,#4A7A5A,0.6,0.75,0.6,"minimalist,scandinavian,cozy","bedroom,living,office",jysk,https://jysk.md/frontend/web/uploads/product/УТ00387897/262570.jpg
plant-486,plant,Plantă artificială GUNNULF 150cm  ghiveci,900,MDL,https://jysk.md/ro/product/plant-artificial-gunnulf-150cm-ghiveci-378862,#A0917A,0.3,0.3,0.6,"minimalist,scandinavian,cozy","bedroom,living,office",jysk,https://jysk.md/frontend/web/uploads/product/УТ00306038/235389.jpg
wardrobe-487,wardrobe,Comodă 3 cutii ODBY alb/gri,700,MDL,https://jysk.md/ro/product/comod-3-cutii-odby-alb-gri-5889,#F5F0E8,1,0.5,1.9,"minimalist,scandinavian,cozy","bedroom,living",jysk,https://jysk.md/frontend/web/uploads/product/УТ00060895/86137.jpg
wardrobe-488,wardrobe,Comodă 3 sertare TAPDRUP stejar deschis,1250,MDL,https://jysk.md/ro/product/comod-3-sertare-tapdrup-stejar-deschis-5955,#8B6914,1,0.5,1.9,"minimalist,scandinavian,cozy","bedroom,living",jysk,https://jysk.md/frontend/web/uploads/product/УТ00061796/85735.jpg
wardrobe-489,wardrobe,Comodă 3 sertare TAPDRUP albă,1250,MDL,https://jysk.md/ro/product/comod-3-sertare-tapdrup-alb-13748,#F5F0E8,1,0.5,1.9,"minimalist,scandinavian,cozy","bedroom,living",jysk,https://jysk.md/frontend/web/uploads/product/УТ00095918/38039.jpg
wardrobe-490,wardrobe,Comodă 5 sertare TAPDRUP îngustă stejar deschis,1500,MDL,https://jysk.md/ro/product/comod-5-sertare-tapdrup-ngust-stejar-deschis-5953,#8B6914,1,0.5,1.9,"minimalist,scandinavian,cozy","bedroom,living",jysk,https://jysk.md/frontend/web/uploads/product/УТ00061792/50246.jpg
wardrobe-491,wardrobe,Comodă 5 sertare TAPDRUP îngustă albă,1500,MDL,https://jysk.md/ro/product/comod-5-sertare-tapdrup-ngust-alb-13752,#F5F0E8,1,0.5,1.9,"minimalist,scandinavian,cozy","bedroom,living",jysk,https://jysk.md/frontend/web/uploads/product/УТ00061794/38037.jpg
wardrobe-492,wardrobe,Comodă 4 sertare 1 ușă TAPDRUP stejar deschis,1750,MDL,https://jysk.md/ro/product/comod-4-sertare-1-u-tapdrup-stejar-deschis-5958,#8B6914,1,0.5,1.9,"minimalist,scandinavian,cozy","bedroom,living",jysk,https://jysk.md/frontend/web/uploads/product/УТ00061799/50247.jpg
wardrobe-493,wardrobe,Comodă 4 sertare 1usă TAPDRUP combi,1750,MDL,https://jysk.md/ro/product/comod-4-sertare-1us-tapdrup-combi-13753,#A0917A,1,0.5,1.9,"minimalist,scandinavian,cozy","bedroom,living",jysk,https://jysk.md/frontend/web/uploads/product/УТ00061797/38038.jpg
wardrobe-494,wardrobe,Comodă cu 5 sertare TAPDRUP lată stejar deschis,2000,MDL,https://jysk.md/ro/product/comod-cu-5-sertare-tapdrup-lat-stejar-deschis-5952,#8B6914,1,0.5,1.9,"minimalist,scandinavian,cozy","bedroom,living",jysk,https://jysk.md/frontend/web/uploads/product/УТ00061790/85737.jpg
wardrobe-495,wardrobe,Comodă 5 sertare TAPDRUP lată albă,2000,MDL,https://jysk.md/ro/product/comod-5-sertare-tapdrup-lat-alb-13751,#F5F0E8,1,0.5,1.9,"minimalist,scandinavian,cozy","bedroom,living",jysk,https://jysk.md/frontend/web/uploads/product/УТ00061789/38040.jpg
wardrobe-496,wardrobe,Comodă 4 sertare JENSLEV stejar,1650,MDL,https://jysk.md/ro/product/comod-4-sertare-jenslev-stejar-52285,#8B6914,1,0.5,1.9,"minimalist,scandinavian,cozy","bedroom,living",jysk,https://jysk.md/frontend/web/uploads/product/УТ00108641/255979 1.jpg
wardrobe-497,wardrobe,Comodă 4 sertare JENSLEV albă,1650,MDL,https://jysk.md/ro/product/comod-4-sertare-jenslev-alb-554787,#F5F0E8,1,0.5,1.9,"minimalist,scandinavian,cozy","bedroom,living",jysk,https://jysk.md/frontend/web/uploads/product/УТ00389124/262921.jpg
wardrobe-498,wardrobe,Comodă 4 sertare 1 usă JENSLEV stejar,1750,MDL,https://jysk.md/ro/product/comod-4-sertare-1-us-jenslev-stejar-52286,#8B6914,1,0.5,1.9,"minimalist,scandinavian,cozy","bedroom,living",jysk,https://jysk.md/frontend/web/uploads/product/УТ00108642/255987 1.jpg
wardrobe-499,wardrobe,Comodă 4 sertare 1 ușă JENSLEV albă,1750,MDL,https://jysk.md/ro/product/comod-4-sertare-1-u-jenslev-alb-554788,#F5F0E8,1,0.5,1.9,"minimalist,scandinavian,cozy","bedroom,living",jysk,https://jysk.md/frontend/web/uploads/product/УТ00389125/262915.jpg
wardrobe-500,wardrobe,Comodă JENSLEV 4+4 sertare stejar,3000,MDL,https://jysk.md/ro/product/comod-jenslev-4-4-sertare-stejar-131295,#8B6914,1,0.5,1.9,"minimalist,scandinavian,cozy","bedroom,living",jysk,https://jysk.md/frontend/web/uploads/product/УТ00167573/185862.jpg
wardrobe-501,wardrobe,Comodă 4+4 sertare JENSLEV белый,3000,MDL,https://jysk.md/ro/product/comod-4-4-sertare-jenslev-belyj-554789,#A0917A,1,0.5,1.9,"minimalist,scandinavian,cozy","bedroom,living",jysk,https://jysk.md/frontend/web/uploads/product/УТ00389126/262927.jpg
wardrobe-502,wardrobe,Comodă 3 sertare BILLUND alb/stejar,1750,MDL,https://jysk.md/ro/product/comod-3-sertare-billund-alb-stejar-131293,#F5F0E8,1,0.5,1.9,"minimalist,scandinavian,cozy","bedroom,living",jysk,https://jysk.md/frontend/web/uploads/product/УТ00167571/185859.jpg
wardrobe-503,wardrobe,Comodă 3 sertare BILLUND aspect travertin/bej,1750,MDL,https://jysk.md/ro/product/comod-3-sertare-billund-aspect-travertin-bej-471309,#D4B896,1,0.5,1.9,"minimalist,scandinavian,cozy","bedroom,living",jysk,https://jysk.md/frontend/web/uploads/product/УТ00389001/262903.jpg
wardrobe-504,wardrobe,Comodă BILLUND 3+3 alb/stejar,3000,MDL,https://jysk.md/ro/product/comod-billund-3-3-alb-stejar-131294,#F5F0E8,1,0.5,1.9,"minimalist,scandinavian,cozy","bedroom,living",jysk,https://jysk.md/frontend/web/uploads/product/УТ00167572/185856.jpg
wardrobe-505,wardrobe,Comodă 3+3 sertare BILLUND aspect travertin/bej,3000,MDL,https://jysk.md/ro/product/comod-3-3-sertare-billund-aspect-travertin-bej-471310,#D4B896,1,0.5,1.9,"minimalist,scandinavian,cozy","bedroom,living",jysk,https://jysk.md/frontend/web/uploads/product/УТ00389002/262909.jpg
wardrobe-506,wardrobe,Comodă 4 sertare TANGE albă,1750,MDL,https://jysk.md/ro/product/comod-4-sertare-tange-alb-428633,#F5F0E8,1,0.5,1.9,"minimalist,scandinavian,cozy","bedroom,living",jysk,https://jysk.md/frontend/web/uploads/product/УТ00352397/251346.jpg
wardrobe-507,wardrobe,Comodă 6 sertare TANGE 6 albă,2500,MDL,https://jysk.md/ro/product/comod-6-sertare-tange-6-alb-428634,#F5F0E8,1,0.5,1.9,"minimalist,scandinavian,cozy","bedroom,living",jysk,https://jysk.md/frontend/web/uploads/product/УТ00352398/251352.jpg
wardrobe-508,wardrobe,Comodă 3+3 sertare TANGE albă,2650,MDL,https://jysk.md/ro/product/comod-3-3-sertare-tange-alb-428635,#F5F0E8,1,0.5,1.9,"minimalist,scandinavian,cozy","bedroom,living",jysk,https://jysk.md/frontend/web/uploads/product/УТ00352399/251340.jpg
wardrobe-509,wardrobe,Comodă OURE cu 3 coșuri albă,1799,MDL,https://jysk.md/ro/product/comod-oure-cu-3-co-uri-alb-6194,#F5F0E8,1,0.5,1.9,"minimalist,scandinavian,cozy","bedroom,living",jysk,https://jysk.md/frontend/web/uploads/product/УТ00066007/25467.jpg
wardrobe-510,wardrobe,Comodă 4 sertare TRANUM stejar auriu,2500,MDL,https://jysk.md/ro/product/comod-4-sertare-tranum-stejar-auriu-471312,#8B6914,1,0.5,1.9,"minimalist,scandinavian,cozy","bedroom,living",jysk,https://jysk.md/frontend/web/uploads/product/УТ00389004/262963.jpg
wardrobe-511,wardrobe,Comodă 3+3 sertare TRANUM stejar auriu,4000,MDL,https://jysk.md/ro/product/comod-3-3-sertare-tranum-stejar-auriu-471311,#8B6914,1,0.5,1.9,"minimalist,scandinavian,cozy","bedroom,living",jysk,https://jysk.md/frontend/web/uploads/product/УТ00389003/262957.jpg
wardrobe-512,wardrobe,Comodă NORDBY 3 sertare albă,2750,MDL,https://jysk.md/ro/product/comod-nordby-3-sertare-alb-6444,#F5F0E8,1,0.5,1.9,"minimalist,scandinavian,cozy","bedroom,living",jysk,https://jysk.md/frontend/web/uploads/product/УТ00072591/255995 1.jpg
wardrobe-513,wardrobe,Comodă NORDBY 5 sertare albă,3500,MDL,https://jysk.md/ro/product/comod-nordby-5-sertare-alb-6445,#F5F0E8,1,0.5,1.9,"minimalist,scandinavian,cozy","bedroom,living",jysk,https://jysk.md/frontend/web/uploads/product/УТ00072592/98845.jpg
wardrobe-514,wardrobe,Comodă 3 sertare FRAMLEV gri,2999,MDL,https://jysk.md/ro/product/comod-3-sertare-framlev-gri-381857,#888888,1,0.5,1.9,"minimalist,scandinavian,cozy","bedroom,living",jysk,https://jysk.md/frontend/web/uploads/product/УТ00308979/236172.jpg
wardrobe-515,wardrobe,Comodă 3 sertare FRAMLEV albă,2999,MDL,https://jysk.md/ro/product/comod-3-sertare-framlev-alb-381858,#F5F0E8,1,0.5,1.9,"minimalist,scandinavian,cozy","bedroom,living",jysk,https://jysk.md/frontend/web/uploads/product/УТ00308980/236179.jpg
wardrobe-516,wardrobe,Comodă ODENSE 3 sertare stejar/negru,2999,MDL,https://jysk.md/ro/product/comod-odense-3-sertare-stejar-negru-329812,#2A2A2A,1,0.5,1.9,"minimalist,scandinavian,cozy","bedroom,living",jysk,https://jysk.md/frontend/web/uploads/product/УТ00259759/236158.jpg
wardrobe-517,wardrobe,Comodă 3+3 sertare ODENSE stejar/negru,5499,MDL,https://jysk.md/ro/product/comod-3-3-sertare-odense-stejar-negru-329814,#2A2A2A,1,0.5,1.9,"minimalist,scandinavian,cozy","bedroom,living",jysk,https://jysk.md/frontend/web/uploads/product/УТ00259761/248032.jpg
wardrobe-518,wardrobe,Comodă LIMFJORDEN 4 sertare albă,3000,MDL,https://jysk.md/ro/product/comod-limfjorden-4-sertare-alb-5394,#F5F0E8,1,0.5,1.9,"minimalist,scandinavian,cozy","bedroom,living",jysk,https://jysk.md/frontend/web/uploads/product/УТ000013960/256043 1.jpg
wardrobe-519,wardrobe,Comodă LIMFJORDEN 4 sertare stejar,3000,MDL,https://jysk.md/ro/product/comod-limfjorden-4-sertare-stejar-5751,#8B6914,1,0.5,1.9,"minimalist,scandinavian,cozy","bedroom,living",jysk,https://jysk.md/frontend/web/uploads/product/УТ000015553/256051 1.jpg
wardrobe-520,wardrobe,Comodă 4 sertare LIMFJORDEN neagră,3000,MDL,https://jysk.md/ro/product/comod-4-sertare-limfjorden-neagr-22178,#A0917A,1,0.5,1.9,"minimalist,scandinavian,cozy","bedroom,living",jysk,https://jysk.md/frontend/web/uploads/product/УТ00098614/266804.jpg
wardrobe-521,wardrobe,Comodă 3+3 sertare LIMFJORDEN neagră,4250,MDL,https://jysk.md/ro/product/comod-3-3-sertare-limfjorden-neagr-5168,#A0917A,1,0.5,1.9,"minimalist,scandinavian,cozy","bedroom,living",jysk,https://jysk.md/frontend/web/uploads/product/УТ00092751/98825.jpg
wardrobe-522,wardrobe,Comodă LIMFJORDEN 3+3 sertare albă,4250,MDL,https://jysk.md/ro/product/comod-limfjorden-3-3-sertare-alb-5395,#F5F0E8,1,0.5,1.9,"minimalist,scandinavian,cozy","bedroom,living",jysk,https://jysk.md/frontend/web/uploads/product/УТ000013961/256027 1.jpg
wardrobe-523,wardrobe,Comodă 3+3 sertare LIMFJORDEN stejar deschis,4250,MDL,https://jysk.md/ro/product/comod-3-3-sertare-limfjorden-stejar-deschis-5938,#8B6914,1,0.5,1.9,"minimalist,scandinavian,cozy","bedroom,living",jysk,https://jysk.md/frontend/web/uploads/product/УТ00083331/256035 1.jpg
wardrobe-524,wardrobe,Comodă LIMFJORDEN 3+3 sertare stejar,4250,MDL,https://jysk.md/ro/product/comod-limfjorden-3-3-sertare-stejar-264437,#8B6914,1,0.5,1.9,"minimalist,scandinavian,cozy","bedroom,living",jysk,https://jysk.md/frontend/web/uploads/product/УТ00218205/212516.jpg
wardrobe-525,wardrobe,Comodă VEDDE 3 sertare stejar sălbatic,3699,MDL,https://jysk.md/ro/product/comod-vedde-3-sertare-stejar-s-lbatic-5960,#8B6914,1,0.5,1.9,"minimalist,scandinavian,cozy","bedroom,living",jysk,https://jysk.md/frontend/web/uploads/product/УТ00061802/60632.jpg
wardrobe-526,wardrobe,Comodă 5 sertare VEDDE stejar sălbatic,3999,MDL,https://jysk.md/ro/product/comod-5-sertare-vedde-stejar-s-lbatic-5948,#8B6914,1,0.5,1.9,"minimalist,scandinavian,cozy","bedroom,living",jysk,https://jysk.md/frontend/web/uploads/product/УТ00061781/86172.jpg
wardrobe-527,wardrobe,Comodă 4 sertare MARKSKEL alb/stejar,4000,MDL,https://jysk.md/ro/product/comod-4-sertare-markskel-alb-stejar-5895,#F5F0E8,1,0.5,1.9,"minimalist,scandinavian,cozy","bedroom,living",jysk,https://jysk.md/frontend/web/uploads/product/УТ00060901/256059 1.jpg
wardrobe-528,wardrobe,Comodă MARKSKEL 4 sertare 1 ușă alb/stej,4250,MDL,https://jysk.md/ro/product/comod-markskel-4-sertare-1-u-alb-stej-113236,#F5F0E8,1,0.5,1.9,"minimalist,scandinavian,cozy","bedroom,living",jysk,https://jysk.md/frontend/web/uploads/product/УТ00153349/256003 1.jpg